# index, label, _pos
0,"ABRAMSON, G","array([14.26791389, -7.00278991])"
1,"KUPERMAN, M","array([13.76581224, -4.60972848])"
2,"ACEBRON, J","array([-24.27179165, -25.70960444])"
3,"BONILLA, L","array([-21.60155334, -26.8945722 ])"
4,"PEREZVICENTE, C","array([-24.44575546, -27.5022745 ])"
5,"RITORT, F","array([-22.79702435, -28.23934029])"
6,"SPIGLER, R","array([-22.49884012, -25.33277665])"
7,"ADAMIC, L","array([-23.86883622, -14.3134034 ])"
8,"ADAR, E","array([-24.40620576, -17.08198431])"
9,"HUBERMAN, B","array([-24.52566281, -11.68810593])"
10,"LUKOSE, R","array([-21.91244986, -13.74759316])"
11,"PUNIYANI, A","array([-22.24388248, -11.91316304])"
12,"AERTSEN, A","array([104.47629912,  12.48452632])"
13,"GERSTEIN, G","array([106.68096141,  11.15722274])"
14,"HABIB, M","array([104.06451098,   9.94982844])"
15,"PALM, G","array([105.92618138,   9.31273809])"
16,"AFRAIMOVICH, V","array([-29.31748665,  57.66646426])"
17,"VERICHEV, N","array([-31.73375836,  57.64035861])"
18,"RABINOVICH, M","array([-30.55987918,  59.69377466])"
19,"AGRAWAL, H","array([ 97.68883302, -36.14340243])"
20,"AHUJA, R","array([-55.0494342 , -47.95607283])"
21,"MAGNANTI, T","array([-57.19457032, -46.84552925])"
22,"ORLIN, J","array([-57.10811129, -49.24856218])"
23,"AIELLO, W","array([61.21717142, 93.46943659])"
24,"CHUNG, F","array([64.03902287, 94.93647222])"
25,"LU, L","array([63.44772989, 93.36622252])"
26,"ALBA, R","array([-45.21877118, 103.82698361])"
27,"ALBERICH, R","array([ 58.54490435, 102.79788019])"
28,"MIROJULIA, J","array([ 56.96232299, 100.91809184])"
29,"ROSSELLO, F","array([ 56.18214939, 103.1475412 ])"
30,"ALBERT, R","array([47.73580161, 42.09722258])"
31,"ALBERT, I","array([50.4139117 , 44.52139108])"
32,"NAKARADO, G","array([51.60285938, 43.07631342])"
33,"BARABASI, A","array([46.59673267, 33.61039007])"
34,"JEONG, H","array([41.76225595, 39.11084793])"
35,"ALBERTS, B","array([-26.79143426, 111.89256691])"
36,"BRAY, D","array([-25.14495713, 111.36157715])"
37,"LEWIS, J","array([-23.52199413, 111.87780303])"
38,"RAFF, M","array([-24.1666241 , 109.94048266])"
39,"ROBERTS, K","array([-26.18966271, 109.96969038])"
40,"WATSON, J","array([-25.15014091, 113.07747906])"
41,"ALDANA, M","array([-66.64256205,  76.98428821])"
42,"ALDOUS, D","array([-27.92516868,  92.74242343])"
43,"PITTEL, B","array([-27.23262878,  90.54229975])"
44,"ALEKSIEJUK, A","array([39.49933229, 67.78127433])"
45,"HOLYST, J","array([38.7263177 , 70.53346407])"
46,"STAUFFER, D","array([38.80079789, 63.47346882])"
47,"ALLARIA, E","array([3.47556258, 6.25228411])"
48,"ARECCHI, F","array([ 2.25185213, 10.6821838 ])"
49,"DIGARBO, A","array([3.89307874, 8.14471766])"
50,"MEUCCI, R","array([1.83386553, 7.27346179])"
51,"ALMAAS, E","array([50.60547352, 35.33945409])"
52,"KOVACS, B","array([48.18063255, 32.87271113])"
53,"VICSEK, T","array([43.52178988, 31.62785621])"
54,"OLTVAI, Z","array([45.75892813, 35.66647539])"
55,"KRAPIVSKY, P","array([53.5787406 , 39.69544878])"
56,"REDNER, S","array([53.047347  , 40.84172692])"
57,"KULKARNI, R","array([56.05171587, 33.37060624])"
58,"STROUD, D","array([54.50043572, 34.86742624])"
59,"ALON, N","array([ 30.84602618, -73.97430816])"
60,"YUSTER, R","array([ 33.10626781, -74.77854347])"
61,"ZWICK, U","array([ 31.26992752, -76.34909198])"
62,"ALON, U","array([72.95644166, 73.1951034 ])"
63,"SURETTE, M","array([75.16580448, 70.93336514])"
64,"BARKAI, N","array([78.3463877 , 72.35981503])"
65,"LEIBER, S","array([76.35350996, 73.23882243])"
66,"ALTER, O","array([-24.53974836,  -2.67374728])"
67,"BROWN, P","array([-25.65226001,  -0.65142986])"
68,"BOTSTEIN, D","array([-26.90061961,  -2.61879648])"
69,"AMARAL, L","array([18.46877815, 41.01272348])"
70,"SCALA, A","array([18.04522545, 39.15412464])"
71,"BARTHELEMY, M","array([16.36898279, 36.30713197])"
72,"STANLEY, H","array([16.67566762, 43.30223421])"
73,"AMENGUAL, A","array([  2.51218872, -21.85784463])"
74,"HERNANDEZGARCIA, E","array([  1.1261362 , -20.45100489])"
75,"MONTAGNE, R","array([  2.47894409, -19.03640362])"
76,"SANMIGUEL, M","array([  4.75923256, -20.40029928])"
77,"ANCELMEYERS, L","array([30.35235262, 56.10978756])"
78,"NEWMAN, M","array([28.15879656, 56.60980648])"
79,"MARTIN, M","array([29.80533307, 54.12508801])"
80,"SCHRAG, S","array([31.5829431 , 54.83086045])"
81,"ANDERSON, C","array([-25.88801635, -42.93392192])"
82,"WASSERMAN, S","array([-23.29979909, -42.16219234])"
83,"CROUCH, B","array([-24.29355831, -44.55282703])"
84,"ANDERSON, P","array([98.94701266, 25.54780591])"
85,"ARROW, K","array([96.99850465, 24.17431431])"
86,"PINES, D","array([99.14862046, 23.1743506 ])"
87,"ANDERSON, R","array([-25.42847021,  16.7402244 ])"
88,"MAY, R","array([-27.86214105,  15.5807073 ])"
89,"ANDERSSON, H","array([-49.9228118 ,  45.21801737])"
90,"ANTAL, T","array([57.32744584, 37.44048198])"
91,"APIC, G","array([-67.73124554,  35.81998185])"
92,"GOUGH, J","array([-67.1092561 ,  38.13253283])"
93,"TEICHMANN, S","array([-69.39599623,  37.48652264])"
94,"ARENAS, A","array([ 9.53656839, 37.37467958])"
95,"CABRALES, A","array([ 9.83136787, 39.1443116 ])"
96,"DIAZGUILERA, A","array([ 7.63534144, 37.85207095])"
97,"GUIMERA, R","array([11.87162896, 39.98822134])"
98,"VEGAREDONDO, F","array([11.12777693, 37.79749196])"
99,"DANON, L","array([ 8.0133345 , 39.52360758])"
100,"GLEISER, P","array([ 7.71440748, 41.00522087])"
101,"ARITA, M","array([-21.6269699 ,  77.56059919])"
102,"ASHWIN, P","array([ 70.75590762, -69.8640729 ])"
103,"BUESCU, J","array([ 73.02416562, -69.01797974])"
104,"STEWART, I","array([ 71.17834381, -67.46918683])"
105,"ATAY, F","array([  8.0709609 , -42.77895037])"
106,"JOST, J","array([  5.6048073 , -42.52415274])"
107,"WENDE, A","array([  6.78079338, -44.67757657])"
108,"AUMANN, R","array([-51.5913731 ,  68.14122838])"
109,"HART, S","array([-50.05892481,  69.98902318])"
110,"AXELROD, R","array([ 64.67106817, 117.31607129])"
111,"BADER, G","array([  5.02769205, -50.48919089])"
112,"HOGUE, C","array([  7.39906497, -50.13926489])"
113,"BAIESI, M","array([76.20176323, 38.76871842])"
114,"PACZUSKI, M","array([73.39830964, 38.22128365])"
115,"BAILEY, N","array([ 26.95402802, 117.32708594])"
116,"BAIRD, D","array([87.71686311, 25.74530375])"
117,"ULANOWICZ, R","array([89.2620248 , 28.15732472])"
118,"BAKER, W","array([-29.54622243,  42.34753163])"
119,"FAULKNER, R","array([-31.42638012,  44.11611112])"
120,"BAK, P","array([35.83994354, 56.91254788])"
121,"SNEPPEN, K","array([34.73121638, 53.1375261 ])"
122,"BALL, F","array([-14.63351289,  57.21395075])"
123,"MOLLISON, D","array([-16.78497203,  56.21864221])"
124,"SCALIATOMBA, G","array([-16.5096999 ,  58.53483134])"
125,"BALL, P","array([ 31.39041075, 105.1337153 ])"
126,"BANAVAR, J","array([-1.54232443, 31.86124137])"
127,"MARITAN, A","array([ 2.71532117, 30.79940064])"
128,"RINALDO, A","array([-1.71381787, 29.79073447])"
129,"BANKS, D","array([-12.38117785, -45.8664709 ])"
130,"CARLEY, K","array([-13.86358374, -47.71207177])"
131,"BIANCONI, G","array([39.62571274, 35.87721004])"
132,"RAVASZ, E","array([44.84415169, 34.61166544])"
133,"NEDA, Z","array([43.63281747, 33.8335077 ])"
134,"SCHUBERT, A","array([42.35334713, 33.60944697])"
135,"BARAHONA, M","array([9.4921977 , 6.80468572])"
136,"PECORA, L","array([ 7.29988534, 11.05074473])"
137,"BARBOUR, A","array([-60.98173422,  67.30513655])"
138,"REINERT, G","array([-58.71292471,  66.53000012])"
139,"BARJOSEPH, Z","array([  2.19768219, -74.29956737])"
140,"GERBER, G","array([ -1.23006323, -73.85943449])"
141,"LEE, T","array([  0.26689153, -75.99198937])"
142,"RINALDI, N","array([  0.71629771, -72.1999624 ])"
143,"YOO, J","array([  1.93099095, -72.99607917])"
144,"ROBERT, F","array([  1.66203179, -75.44557917])"
145,"GORDON, D","array([ -0.63684059, -72.66532634])"
146,"FRAENKEL, E","array([  0.57592119, -73.59021525])"
147,"JAAKKOLA, T","array([ -1.03405298, -75.1370985 ])"
148,"YOUNG, R","array([  0.34292384, -74.70317609])"
149,"BARRAT, A","array([13.34414811, 32.98405676])"
150,"PASTORSATORRAS, R","array([13.60508493, 35.06341453])"
151,"VESPIGNANI, A","array([11.90048682, 29.71422443])"
152,"WEIGT, M","array([10.99410241, 31.71170967])"
153,"BARRETO, E","array([ 48.67353481, -39.01315458])"
154,"SO, P","array([ 46.59618788, -41.08819485])"
155,"GLUCKMANN, B","array([ 46.58276587, -38.99204333])"
156,"SCHIFF, S","array([ 48.67615661, -41.08862402])"
157,"GONDRAN, B","array([17.47120521, 34.02048332])"
158,"GUICHARD, E","array([19.22463914, 33.52586786])"
159,"BARYAM, Y","array([ 54.65791373, -45.5638975 ])"
160,"BATAGELJ, V","array([-16.64036179, -57.67503208])"
161,"MRVAR, A","array([-17.81170791, -59.7654641 ])"
162,"BATTISTON, S","array([22.02112846, 25.73674033])"
163,"CATANZARO, M","array([20.37673693, 22.76856513])"
164,"BATTY, M","array([ 52.85442883, -32.25736852])"
165,"LONGLEY, P","array([ 55.16546193, -32.61412727])"
166,"BAUER, M","array([-11.15079291, -19.19885356])"
167,"BERNARD, D","array([ -9.52007991, -21.04538569])"
168,"BAVELAS, A","array([ 49.70336822, 117.07653071])"
169,"BCHKLOVSKII, D","array([ 24.80222967, 108.29587647])"
170,"SCHIKORSKI, T","array([ 22.5359745 , 107.62936219])"
171,"STEVENS, C","array([ 24.27585114, 105.80874738])"
172,"BEARMAN, P","array([ 63.26412226, -70.36199343])"
173,"MOODY, J","array([ 61.04997261, -71.07903731])"
174,"STOVEL, K","array([ 62.79378819, -72.69423494])"
175,"BEKESSY, A","array([-23.2373018 , -65.86537022])"
176,"BEKESSY, P","array([-25.63235166, -65.70718169])"
177,"KOMLOS, J","array([-24.22619916, -63.56898546])"
178,"BELL, H","array([ 62.83624109, -13.38298815])"
179,"BELYKH, I","array([106.06715802, -19.81408972])"
180,"BELYKH, V","array([107.8122503 , -18.13030849])"
181,"HASLER, M","array([108.36681036, -20.45075013])"
182,"BENDER, E","array([-68.00881271,  65.19981941])"
183,"CANFIELD, E","array([-67.06282111,  67.3951487 ])"
184,"BENNAIM, E","array([59.10007843, 39.498434  ])"
185,"FRAUENFELDER, H","array([62.64071958, 38.74521401])"
186,"TOROCZKAI, Z","array([65.28743639, 38.60369825])"
187,"BERG, J","array([-40.56970465,  96.20220682])"
188,"LASSIG, M","array([-39.66803656,  94.05857284])"
189,"WAGNER, A","array([-37.78068637,  96.01906771])"
190,"BERLOW, E","array([48.46351278, 30.05537822])"
191,"BERNARDES, A","array([42.6897014 , 65.96994999])"
192,"COSTA, U","array([40.92239125, 65.05179081])"
193,"ARAUJO, A","array([42.35124034, 63.6466615 ])"
194,"KERTESZ, J","array([45.2068315 , 68.56671458])"
195,"BERNARD, H","array([-56.33554612,  74.01449766])"
196,"KILLWORTH, P","array([-55.68884384,  75.69898674])"
197,"EVANS, M","array([-57.10315551,  76.83782961])"
198,"MCCARTY, C","array([-58.6129294 ,  75.85697295])"
199,"SHELLEY, G","array([-58.15448961,  74.11340997])"
200,"BHAN, A","array([68.13971084, 92.55051803])"
201,"GALAS, D","array([65.55152747, 92.40025451])"
202,"DEWEY, T","array([66.27082184, 94.3287599 ])"
203,"CAPOCCI, A","array([29.7701538 , 30.83904074])"
204,"BIGGS, N","array([-53.96041709,  83.64616589])"
205,"BILKE, S","array([-70.96315817,  43.99504655])"
206,"PETERSON, C","array([-72.98847705,  45.2501594 ])"
207,"BLANCHARD, P","array([30.38226871, -0.32326582])"
208,"CHANG, C","array([28.66392328,  1.68292371])"
209,"KRUGER, T","array([30.88542677,  2.23810346])"
210,"BLASIUS, B","array([ 31.22862872, -50.59916996])"
211,"HUPPERT, A","array([ 33.08214474, -49.04637605])"
212,"STONE, L","array([ 30.87631608, -48.22526512])"
213,"BLOWER, S","array([-28.6774793 , -36.06416809])"
214,"SAMUEL, M","array([-28.45478916, -33.69606811])"
215,"WILEY, J","array([-26.52849507, -34.99083608])"
216,"BOCCALETTI, S","array([ 1.80363849, 16.02637349])"
217,"BRAGARD, J","array([ 1.89537354, 13.48106325])"
218,"MANCINI, H","array([-0.08229664, 14.02427504])"
219,"KURTHS, J","array([-4.71820481, 11.67589969])"
220,"VALLADARES, D","array([-1.95942922, 13.73456157])"
221,"OSIPOV, G","array([-2.96693773, 12.11205154])"
222,"ZHOU, C","array([-4.25809026, 14.98459638])"
223,"PELAEZ, A","array([ 5.31937015, 13.19584951])"
224,"MAZA, D","array([-2.08517961, 15.28758036])"
225,"BOGUNA, M","array([ 9.21004444, 32.69294559])"
226,"BOHLAND, J","array([ 96.35363443, -18.58991098])"
227,"MINAI, A","array([ 94.12390681, -17.73733063])"
228,"BOLLOBAS, B","array([-77.84320446,  39.00453299])"
229,"RIORDAN, O","array([-79.53510162,  40.19356973])"
230,"SPENCER, J","array([-79.03775716,  37.35127485])"
231,"TUSNADY, G","array([-80.73723612,  38.53120842])"
232,"BONACICH, P","array([-22.99255461,  54.1529021 ])"
233,"BONANNO, G","array([10.33337883, 51.80064723])"
234,"LILLO, F","array([ 9.48923096, 50.13019831])"
235,"MANTEGNA, R","array([12.11584252, 47.93046682])"
236,"BONNEKOH, J","array([ 58.8158361 , 114.53114767])"
237,"BORDENS, M","array([ 55.09009849, -39.30630794])"
238,"GOMEZ, I","array([ 56.7592907 , -37.71812316])"
239,"BORGATTI, S","array([ -3.75508688, 108.13067294])"
240,"EVERETT, M","array([ -0.94118251, 109.0068511 ])"
241,"FOSTER, P","array([ -4.26161031, 110.99768967])"
242,"BORGERS, C","array([-16.72021381,  71.62147257])"
243,"KOPELL, N","array([-19.08240648,  70.12130723])"
244,"BORNHOLDT, S","array([-61.87224905, -26.07749162])"
245,"EBEL, H","array([-63.67430145, -23.77589682])"
246,"ROHLF, T","array([-60.94486077, -28.91255348])"
247,"SCHUSTER, H","array([-58.01780882, -25.83439851])"
248,"BOTA, M","array([ 97.4890871 , -11.12078423])"
249,"DONG, H","array([98.28278908, -8.95586996])"
250,"SWANSON, L","array([95.96382421, -9.33667778])"
251,"MENDOZA, C","array([ 2.98691121, 14.78699653])"
252,"HENTSCHEL, H","array([ 1.38535726, 17.30255095])"
253,"BRANDES, U","array([-81.51241295, -13.06535246])"
254,"BREIGER, R","array([ 46.44213486, -13.39075574])"
255,"BOORMAN, S","array([ 44.95969419, -12.10282275])"
256,"ARABIE, P","array([ 47.47137905, -10.87625718])"
257,"BRESSLER, S","array([-58.15711748,  60.83910088])"
258,"BRIN, S","array([ -2.55811965, 121.27112063])"
259,"PAGE, L","array([ -4.52831298, 120.71171913])"
260,"BROADBENT, S","array([ 80.8346548 , -11.32740412])"
261,"HAMMERSLEY, J","array([81.33558149, -9.04711098])"
262,"BRODER, A","array([23.3368382 , 72.69840137])"
263,"KUMAR, R","array([21.67022863, 73.03094022])"
264,"MAGHOUL, F","array([24.39049817, 73.71597661])"
265,"RAGHAVAN, P","array([22.32437259, 71.26965025])"
266,"RAJAGOPALAN, S","array([23.38062798, 70.57754872])"
267,"STATA, R","array([22.7412303 , 74.19579653])"
268,"TOMKINS, A","array([21.94518716, 70.26863015])"
269,"WIENER, J","array([24.75585743, 72.10235124])"
270,"BROIDA, A","array([ 80.12320431, -20.94084652])"
271,"CLAFFY, K","array([ 77.95712095, -21.69159324])"
272,"BUCHANAN, M","array([-6.96498237, 60.39933165])"
273,"BUCHEL, C","array([67.20915378, 14.14570292])"
274,"COULL, J","array([65.00053379, 14.85586457])"
275,"FRISTON, K","array([65.38406466, 12.16966861])"
276,"BUCOLO, M","array([62.03281697, 53.3328688 ])"
277,"FORTUNA, L","array([58.61009024, 53.24087374])"
278,"LAROSA, M","array([59.21016107, 52.10499883])"
279,"BUHL, J","array([15.78520651, 49.92192461])"
280,"GAUTRAIS, J","array([16.63593556, 51.11851393])"
281,"SOLE, R","array([18.50670863, 47.24313386])"
282,"KUNTZ, P","array([14.94366622, 51.47997189])"
283,"VALVERDE, S","array([17.24569789, 49.32302217])"
284,"DENEUBOURG, J","array([15.60268478, 48.28930353])"
285,"THERAULAZ, G","array([14.38580358, 49.55383537])"
286,"BURDA, Z","array([-50.07304135,   7.97907535])"
287,"CORREIA, J","array([-47.63346271,   7.58281151])"
288,"KRZYWICKI, A","array([-49.2905625 ,   5.75014124])"
289,"JURKIEWICZ, J","array([-51.71420775,   6.14915949])"
290,"BURIONI, R","array([-29.27111437,  51.58459385])"
291,"CASSI, D","array([-30.19408761,  49.41283713])"
292,"VEZZANI, A","array([-31.66254116,  51.29309596])"
293,"BURNS, G","array([ 16.25048874, -29.90428225])"
294,"YOUNG, M","array([ 19.50184834, -30.55406455])"
295,"BURT, R","array([114.3619302 ,  10.90627411])"
296,"BUZSAKI, G","array([-41.50167677, -62.39833777])"
297,"CHROBAK, J","array([-44.35173858, -62.81883022])"
298,"GEISLER, C","array([-40.21470735, -64.06027326])"
299,"HENZE, D","array([-38.68149952, -63.07072276])"
300,"WANG, X","array([-39.15584537, -60.80531615])"
301,"CALDARELLI, G","array([21.99237976, 28.79854979])"
302,"DELOSRIOS, P","array([27.40959685, 28.41070978])"
303,"MUNOZ, M","array([28.37550098, 25.71184038])"
304,"COCCETTI, F","array([25.60016822, 26.80830069])"
305,"CALLAWAY, D","array([24.6609515 , 60.69945594])"
306,"HOPCROFT, J","array([25.17648815, 62.17887306])"
307,"KLEINBERG, J","array([23.1458779 , 65.20625448])"
308,"STROGATZ, S","array([22.89095566, 61.53293532])"
309,"WATTS, D","array([26.69776728, 61.03639377])"
310,"CAMACHO, J","array([13.70396482, 42.48074196])"
311,"CAMPBELL, N","array([ 40.5977961 , 118.05960736])"
312,"REECE, J","array([ 38.25515271, 117.94668069])"
313,"CAMPBELL, S","array([-38.16574842, -13.75570935])"
314,"WANG, D","array([-35.71893646, -13.32216762])"
315,"JAYAPRAKASH, C","array([-37.43363873, -11.51819653])"
316,"SERVEDIO, V","array([24.96893428, 28.55322217])"
317,"COLAIORI, F","array([25.89457932, 30.77659297])"
318,"CARLSON, J","array([120.67755408,   8.78029024])"
319,"DOYLE, J","array([120.89048973,   6.29894521])"
320,"CARRERAS, B","array([-11.209221 ,  94.0422196])"
321,"LYNCH, V","array([-9.18526052, 94.95770203])"
322,"DOBSON, I","array([-10.13305638,  96.94968528])"
323,"NEWMAN, D","array([-12.08661026,  95.78015479])"
324,"DOLROU, I","array([-14.15823484,  95.12190203])"
325,"POOLE, A","array([-13.39245985,  93.14380281])"
326,"CARUSO, F","array([51.81932718, 49.58518905])"
327,"LATORA, V","array([49.90551655, 51.43341256])"
328,"RAPISARDA, A","array([52.30317849, 51.61720672])"
329,"TADIC, B","array([54.04225428, 48.07144882])"
330,"CASTELLANO, C","array([13.82036406, 23.0649995 ])"
331,"VILONE, D","array([13.27422435, 25.85813982])"
332,"CATANIA, J","array([-39.20440447,  11.06632801])"
333,"COATES, T","array([-38.29064606,   9.21379027])"
334,"KEGELS, S","array([-40.11744498,   8.31200447])"
335,"FULLILOVE, M","array([-41.03206932,  10.14777442])"
336,"CHALLET, D","array([107.90220963,  68.604087  ])"
337,"ZHANG, Y","array([106.44884482,  71.40022915])"
338,"CHAN, D","array([ 22.79774407, -50.57418011])"
339,"HUGHES, B","array([ 22.77212711, -52.58890809])"
340,"LEONG, A","array([ 20.71381818, -52.52045768])"
341,"REED, W","array([ 20.76059442, -50.49431791])"
342,"CHATE, H","array([-6.93658958,  2.83800071])"
343,"PIKOVSKY, A","array([-6.28334088,  7.71653214])"
344,"RUDZICK, O","array([-5.16274491,  3.90618447])"
345,"CHAVEZ, M","array([ 2.78124003, 18.57785122])"
346,"HWANG, D","array([ 3.2598599 , 20.67595835])"
347,"AMANN, A","array([ 0.75220788, 19.4173297 ])"
348,"CHEN, Q","array([-65.75496508,  53.57449909])"
349,"CHANG, H","array([-68.53142311,  51.91917703])"
350,"GOVINDAN, R","array([-65.1844824,  51.5294173])"
351,"JAMIN, S","array([-67.73036559,  53.71815208])"
352,"SHENKER, S","array([-67.04915965,  50.56197262])"
353,"WILLINGER, W","array([-66.77295985,  52.23225761])"
354,"CHEN, Y","array([ 65.5155395 , -24.49201212])"
355,"RANGARAJAN, G","array([ 63.17412339, -24.51149421])"
356,"DING, M","array([ 64.31010116, -22.504069  ])"
357,"CHERNIAK, C","array([-13.94946515,  47.63645501])"
358,"CHANGIZI, M","array([-15.25771706,  49.1982449 ])"
359,"KANG, D","array([-12.80588322,  49.92047502])"
360,"MOKHTARZADA, Z","array([-16.89465768,  47.85863055])"
361,"RODRIGUEZESTEBAN, R","array([-15.5336226,  46.2703212])"
362,"CHKLOVSKII, D","array([68.70853291, 77.92244184])"
363,"KOULAKOV, A","array([71.01123678, 81.09106892])"
364,"MEL, B","array([68.77952845, 81.76057296])"
365,"SVOBODA, K","array([66.83920481, 81.51932021])"
366,"CHOWELL, G","array([21.10649124, -4.46387174])"
367,"HYMAN, J","array([21.31647663, -2.09906687])"
368,"EUBANK, S","array([23.20065592, -3.48181045])"
369,"VU, V","array([62.26191375, 96.28568342])"
370,"CLAUSET, A","array([24.63060964, 58.27088755])"
371,"MOORE, C","array([25.21012642, 56.5798484 ])"
372,"COHEN, J","array([-37.6446824 ,  67.96605265])"
373,"BRIAND, F","array([-39.38446779,  66.34926623])"
374,"NEWMAN, C","array([-39.91342169,  68.64027367])"
375,"COHEN, R","array([52.27859267, 30.68043197])"
376,"BENAVRAHAM, D","array([51.0257577 , 29.35478925])"
377,"HAVLIN, S","array([52.67299784, 28.84912796])"
378,"EREZ, K","array([53.14927987, 27.00097384])"
379,"CONNOR, R","array([54.36409494, 82.71455487])"
380,"HEITHAUS, M","array([52.67953168, 84.42307081])"
381,"BARRE, L","array([55.03696882, 85.03090808])"
382,"COPPERSMITH, S","array([ 73.34212615, -44.99397654])"
383,"KADANOFF, L","array([ 71.57649587, -43.29996861])"
384,"ZHANG, Z","array([ 71.04450996, -45.62418243])"
385,"CORDES, D","array([ -6.15664486, -52.05753826])"
386,"HAUGHTON, V","array([ -7.86734103, -52.09288747])"
387,"ARFANAKIS, K","array([ -7.20829947, -53.44934765])"
388,"CAREW, J","array([ -4.6045603 , -52.82671992])"
389,"TURSKI, P","array([ -7.21825415, -50.7716528 ])"
390,"MORITZ, C","array([ -4.63409648, -51.37483666])"
391,"QUIGLEY, M","array([ -5.79672673, -53.76159745])"
392,"MEYERAND, M","array([ -5.76832582, -50.43133938])"
393,"CORMAN, S","array([46.79297819, 89.45827355])"
394,"KUHN, T","array([44.74049475, 89.13026966])"
395,"MCPHEE, R","array([44.40984565, 91.21571535])"
396,"DOOLEY, K","array([46.4281609 , 91.50482403])"
397,"CORMEN, T","array([-7.8559659 , 66.48842804])"
398,"LEISERSON, C","array([-9.91234829, 66.78152388])"
399,"RIVEST, R","array([-7.53876419, 68.52727349])"
400,"STEIN, C","array([-9.58870713, 68.87848243])"
401,"COSENZA, S","array([58.2753057 , 50.70231541])"
402,"CRUCITTI, P","array([53.99554942, 50.17506581])"
403,"FRASCA, M","array([57.24810345, 53.81023377])"
404,"STAGNI, C","array([56.94415752, 51.10099101])"
405,"USAI, L","array([56.53384556, 52.53305565])"
406,"COULUMB, S","array([-12.75557324, -17.40452492])"
407,"CRANE, D","array([110.96753011,  -2.25722932])"
408,"CRIADO, R","array([33.68577795, 97.88266553])"
409,"FLORES, J","array([35.49411302, 96.75687973])"
410,"HERNANDEZBERMEJO, B","array([33.13395684, 96.43621754])"
411,"PELLO, J","array([34.96092215, 94.92976353])"
412,"ROMANCE, M","array([32.7842582 , 94.98909414])"
413,"GARCIADELAMO, A","array([31.09061233, 97.11556278])"
414,"CRICK, F","array([-53.2355298, -28.7568217])"
415,"KOCH, C","array([-53.98389761, -25.6538841 ])"
416,"MARCHIORI, M","array([50.08886119, 53.6500564 ])"
417,"PORTA, S","array([53.65550088, 52.87972066])"
418,"CSANYI, G","array([  0.26377725, -36.27775724])"
419,"SZENDROI, B","array([  1.7135519 , -34.48942801])"
420,"CSERMELY, P","array([ -0.76552643, -29.33619457])"
421,"CSETE, M","array([120.94827291,   3.85469643])"
422,"CUNHA, C","array([84.88337874,  3.77890245])"
423,"BESTAVROS, A","array([85.14667847,  6.08306465])"
424,"CROVELLA, M","array([87.02175842,  4.69631038])"
425,"CVETKOVIC, D","array([ 52.40513661, -75.5486139 ])"
426,"DOOB, M","array([ 54.70486183, -76.06153282])"
427,"SACHS, H","array([ 53.95433357, -73.80179151])"
428,"DAFONTOURACOSTA, L","array([36.18953236, 67.10788428])"
429,"DIAMBRA, L","array([34.46420105, 70.02679008])"
430,"DALEY, D","array([ 67.9703802 , -60.45679219])"
431,"GANI, J","array([ 70.42402516, -60.17624594])"
432,"KENDALL, D","array([ 65.62031373, -61.19791622])"
433,"DALL, J","array([ 83.51603835, -16.51159846])"
434,"CHRISTENSEN, M","array([ 85.79100849, -16.83439364])"
435,"DAVIDSEN, J","array([-64.84511657, -25.59210442])"
436,"DAVIS, A","array([69.42226478, 23.2198474 ])"
437,"GARDNER, B","array([71.22220286, 21.68528963])"
438,"GARDNER, M","array([69.0461517 , 20.86548707])"
439,"DAVIS, G","array([-29.40498699,  39.828541  ])"
440,"GREVE, H","array([-31.07928705,  37.87217444])"
441,"YOO, M","array([-27.40169689,  41.21228348])"
442,"DEARCANGELIS, L","array([ 5.24436793, 46.61651696])"
443,"HERRMANN, H","array([ 8.78109413, 47.24679298])"
444,"DECASTRO, R","array([ 16.04200888, -74.89435275])"
445,"GROSSMAN, J","array([ 14.69160662, -72.7878762 ])"
446,"DEFFUANT, G","array([122.00887645,  24.4289231 ])"
447,"NEAU, D","array([122.52427273,  21.51683123])"
448,"AMBLARD, F","array([123.71023724,  23.24648407])"
449,"WEISBUCH, G","array([120.84323953,  22.71419337])"
450,"DEFRAYSSEIX, H","array([12.79363047, 54.97426694])"
451,"DEGROOT, M","array([78.95926868, -4.68075888])"
452,"DELIMAESILVA, D","array([106.89824766,  57.3080992 ])"
453,"MEDEIROSSOARES, M","array([108.63642294,  55.26195977])"
454,"HENRIQUES, M","array([105.60628313,  56.6093872 ])"
455,"SCHIVANIALVES, M","array([107.72081225,  54.0568422 ])"
456,"DEAGUILAR, S","array([106.26313153,  54.02894398])"
457,"DECARVALHO, T","array([106.93762472,  55.63190447])"
458,"CORSO, G","array([105.27631865,  55.1777874 ])"
459,"LUCENA, L","array([108.26268623,  56.67897924])"
460,"DELUCIA, M","array([23.37727742, 17.35871382])"
461,"BOTTACCIO, M","array([22.20112841, 18.76066694])"
462,"MONTUORI, M","array([24.5673942 , 18.77069481])"
463,"PIETRONERO, L","array([23.02215353, 22.00369083])"
464,"DEMENEZES, M","array([48.86916037, 26.17310525])"
465,"MOUKARZEL, C","array([51.14869511, 22.60108571])"
466,"PENNA, T","array([49.19337036, 22.06480753])"
467,"DEMERS, A","array([-15.10240462,  -9.45112036])"
468,"GREENE, D","array([-12.61279934,  -7.95225895])"
469,"HAUSER, C","array([-14.42770317,  -7.81083666])"
470,"IRISH, W","array([-12.16780324,  -9.66799829])"
471,"LARSON, J","array([-13.71234991, -10.60746233])"
472,"DEMOURA, A","array([-10.76466544,  18.18076824])"
473,"MOTTER, A","array([-9.33274345, 16.08566903])"
474,"GREBOGI, C","array([-8.80629099, 19.23858651])"
475,"DERRIDA, B","array([100.03800293, -27.22124401])"
476,"FLYVBJERG, H","array([101.53167857, -29.38332722])"
477,"GARDNER, E","array([ 99.87853032, -24.76710406])"
478,"ZIPPELIUS, A","array([ 97.77116499, -26.02283197])"
479,"DESHAZER, D","array([-40.52473319,  32.22295364])"
480,"BREBAN, R","array([-41.56790251,  30.15702156])"
481,"OTT, E","array([-42.99911483,  32.12260383])"
482,"ROY, R","array([-38.92110916,  30.07305781])"
483,"DESTEXHE, A","array([-77.3656487 ,   5.43592627])"
484,"MARDER, E","array([-79.57816216,   6.45729851])"
485,"DEZSO, Z","array([44.33866376, 29.44291339])"
486,"DIEKMANN, O","array([77.14278944, 49.02787251])"
487,"HEESTERBEEK, J","array([77.00815691, 46.65626711])"
488,"DOBRIN, R","array([45.30084242, 31.86191643])"
489,"BEG, Q","array([46.8818491 , 31.75148521])"
490,"DODDS, P","array([28.74359602, 62.54749711])"
491,"MUHAMAD, R","array([26.66826207, 64.59097906])"
492,"ROTHMAN, D","array([30.35644173, 66.41287991])"
493,"SABEL, C","array([28.71158674, 64.55159977])"
494,"DODEL, S","array([-49.15008004,  19.3786913 ])"
495,"HERRMANN, J","array([-47.54594964,  20.82746112])"
496,"GEISEL, T","array([-46.57007318,  18.11927648])"
497,"DONATH, W","array([ 46.58527637, 122.78526204])"
498,"HOFFMAN, A","array([ 44.39389365, 123.83006568])"
499,"DONETTI, L","array([31.80091946, 25.11480472])"
500,"DOROGOVTSEV, S","array([16.09173184, 30.32111576])"
501,"GOLTSEV, A","array([16.03219275, 27.16355078])"
502,"MENDES, J","array([17.87446837, 27.46615864])"
503,"SAMUKHIN, A","array([18.64606971, 29.40716519])"
504,"DOYE, J","array([82.42367544, -0.93281458])"
505,"DU, D","array([ 57.94892257, -27.6605921 ])"
506,"GU, J","array([ 55.80325497, -26.63315173])"
507,"DUNNE, J","array([48.4245455 , 28.51542121])"
508,"WILLIAMS, R","array([46.67817299, 28.04449513])"
509,"MARTINEZ, N","array([46.64966519, 29.61109587])"
510,"DURRETT, R","array([63.80233782,  0.44046024])"
511,"EAMES, K","array([-10.84357429, -62.53349857])"
512,"KEELING, M","array([-11.70359712, -60.32018684])"
513,"MIELSCH, L","array([-61.58268742, -23.14557614])"
514,"ECHENIQUE, P","array([ 6.76904309, 27.90618666])"
515,"GOMEZGARDENES, J","array([ 5.12748907, 27.47951713])"
516,"MORENO, Y","array([ 7.40553393, 25.76340798])"
517,"VAZQUEZ, A","array([ 8.35153262, 30.40086028])"
518,"ECKMANN, J","array([-58.22367862,   5.82855612])"
519,"MOSES, E","array([-59.69312572,   4.05897086])"
520,"EGGHE, L","array([ -8.32323361, -27.09901158])"
521,"ROUSSEAU, R","array([ -6.47986242, -28.57389384])"
522,"EGUILUZ, V","array([  9.17131584, -20.35907713])"
523,"CHIALVO, D","array([ 13.81106687, -22.94860456])"
524,"CECCHI, G","array([ 11.94436732, -19.2964337 ])"
525,"BALIKI, M","array([ 12.18044623, -20.95578368])"
526,"APKARIAN, A","array([ 10.813744  , -22.00863468])"
527,"KLEMM, K","array([  8.70448277, -16.92122965])"
528,"EIGEN, M","array([87.37202154, 63.40287136])"
529,"SCHUSTER, P","array([85.28314851, 62.38022214])"
530,"EISENBERG, D","array([ 77.96254531, -38.5839719 ])"
531,"MARCOTTE, E","array([ 78.61498016, -36.20833099])"
532,"XENARIOS, I","array([ 79.08129652, -37.65529822])"
533,"YEATES, T","array([ 76.29897648, -36.81492828])"
534,"EISENBERG, E","array([-50.34654302,  99.10671838])"
535,"LEVANON, E","array([-52.64195969,  98.57688503])"
536,"ELDAR, A","array([-53.47770521,  63.09771992])"
537,"ENGEL, A","array([87.0421623 , 52.02734054])"
538,"FRIES, P","array([84.28774407, 50.9257497 ])"
539,"SINGER, W","array([84.88907047, 53.1628356 ])"
540,"MOLL, C","array([87.76790815, 49.5953529 ])"
541,"FRIED, I","array([89.68008443, 49.76413339])"
542,"OJEMANN, G","array([89.57789311, 51.67964543])"
543,"ENNIS, J","array([ 77.40606603, -15.88583287])"
544,"ERDOS, P","array([ -6.20319585, -35.86250728])"
545,"RENYI, A","array([ -5.02038799, -33.91123545])"
546,"ERGUN, G","array([60.44608722, 45.51890482])"
547,"RODGERS, G","array([56.54672331, 43.8569056 ])"
548,"ERIKSEN, K","array([36.69998176, 54.70990543])"
549,"SIMONSEN, I","array([38.211655  , 55.80973025])"
550,"MASLOV, S","array([38.48825677, 53.83360888])"
551,"EVERITT, B","array([-37.40158237,  20.09050188])"
552,"FABRIKANT, A","array([-37.61112499,  47.72660808])"
553,"KOUTSOUPIAS, E","array([-39.14964555,  49.46701407])"
554,"PAPADIMITRIOU, C","array([-39.92058594,  47.29744236])"
555,"FALCONER, K","array([-25.0320494 ,   7.13653877])"
556,"FALOUTSOS, M","array([-13.86689018, 116.8653968 ])"
557,"FALOUTSOS, P","array([-13.3509706 , 119.22742793])"
558,"FALOUTSOS, C","array([-15.66905184, 118.48977822])"
559,"FARARO, T","array([ 80.89490659, -27.35364069])"
560,"SUNSHINE, M","array([ 82.50226073, -28.99057207])"
561,"FARKAS, I","array([43.47247981, 35.26198625])"
562,"DERENYI, I","array([42.20639168, 34.78184795])"
563,"FAUST, K","array([-20.18089459, -41.95719358])"
564,"WILLERT, K","array([-18.55641625, -40.34491237])"
565,"ROWLEE, D","array([-18.33473177, -43.22861728])"
566,"SKVORETZ, J","array([-17.02251577, -41.67907665])"
567,"FELL, D","array([-36.64650742,  97.99242574])"
568,"FELLEMAN, D","array([ 47.33938519, -32.12359474])"
569,"VANESSEN, D","array([ 45.04894497, -32.66934261])"
570,"FEMAT, R","array([ -5.47283782, -42.34383124])"
571,"SOLISPERALES, G","array([ -3.29658044, -41.41459088])"
572,"FERGUSON, N","array([-52.92215658,  31.46143156])"
573,"GARNETT, G","array([-55.21839738,  31.32462233])"
574,"FERRERICANCHO, R","array([20.31015306, 48.17228698])"
575,"JANSSEN, C","array([22.40131725, 48.08169879])"
576,"KOHLER, R","array([21.10153218, 46.07823279])"
577,"FIDUCCIA, C","array([-58.16420018,  -2.70199733])"
578,"MATTHEYSES, R","array([-57.10204605,  -4.86047368])"
579,"FIEDLER, M","array([-36.5100648 ,   2.47128578])"
580,"FILATRELLA, G","array([75.05766379, 56.41143721])"
581,"STRAUGHN, B","array([73.61894548, 54.5897057 ])"
582,"BARBARA, P","array([72.74696609, 56.79106759])"
583,"FINGELKURTS, A","array([-4.51880761, 74.48754397])"
584,"KAHKONEN, S","array([-4.56831832, 76.8054476 ])"
585,"FINK, K","array([11.30140701,  9.47903745])"
586,"JOHNSON, G","array([10.45052253, 11.282721  ])"
587,"CARROLL, T","array([9.34146902, 9.27332009])"
588,"FITZHUGH, R","array([-45.66357799,  41.76951634])"
589,"FLAKE, G","array([14.11350102, 69.03138742])"
590,"LAWRENCE, S","array([16.36148795, 68.19072984])"
591,"GILES, C","array([12.47018915, 69.30964424])"
592,"COETZEE, F","array([12.99900205, 67.12179201])"
593,"FONTES, L","array([-42.76081077,  74.95407007])"
594,"SCHONMANN, R","array([-44.25399544,  73.08041233])"
595,"SPATA, A","array([59.97282391, 55.3504104 ])"
596,"FORTUNATO, S","array([45.34516471, 57.3376827 ])"
597,"FOSTER, I","array([34.6830073 , 86.74452998])"
598,"KESSELMAN, C","array([32.03867061, 86.65491328])"
599,"FOX, J","array([-37.43126104,  41.21478237])"
600,"HILL, C","array([-39.79260416,  41.59321688])"
601,"FRANK, L","array([80.03763178, 86.66343286])"
602,"FRANK, O","array([39.34407186,  4.85853817])"
603,"STRAUSS, D","array([38.4757859 ,  2.70486067])"
604,"FREEMAN, L","array([ 6.12963566, 99.26052915])"
605,"FRENCH, J","array([ 21.59136522, 114.14710767])"
606,"FRITH, C","array([66.25528369, 10.03997524])"
607,"LIDDLE, P","array([64.45999766,  9.10320564])"
608,"FRACKOWIAK, R","array([63.45357304, 10.85623719])"
609,"FRONCZAK, A","array([38.858659  , 73.48608185])"
610,"FRONCZAK, P","array([40.8434582 , 73.77785437])"
611,"JEDYNAK, M","array([36.66315531, 73.19177056])"
612,"SIENKIEWICZ, J","array([37.66323268, 74.88555701])"
613,"FU, C","array([-40.87464363,  87.91033709])"
614,"FUJISAKA, H","array([94.31100637,  1.56127878])"
615,"YAMADA, T","array([96.45690076,  2.58172128])"
616,"GADE, P","array([44.59136097,  7.2925012 ])"
617,"HU, C","array([46.80932481,  7.9557849 ])"
618,"GAFIYCHUK, V","array([ 37.60345548, -56.63794282])"
619,"LUBASHEVSKY, I","array([ 37.75707845, -54.24239074])"
620,"STOSYK, A","array([ 35.6221405 , -55.31490335])"
621,"GALASKIEWICZ, J","array([65.2821391 , -5.55956811])"
622,"MARSDEN, P","array([65.84039197, -7.83156268])"
623,"GALSTYAN, A","array([ 40.44305033, -41.59857254])"
624,"LERMAN, K","array([ 40.33011617, -43.91649686])"
625,"GAMMAITONI, L","array([ 11.59781273, -81.09596039])"
626,"HANGGI, P","array([ 11.80707752, -84.04643792])"
627,"JUNG, P","array([ 10.18675504, -82.65866493])"
628,"MARCHESONI, F","array([ 13.17883417, -82.46389723])"
629,"GAO, Z","array([101.65538749,  71.42522103])"
630,"HU, B","array([100.54437031,  73.13642776])"
631,"HU, G","array([103.65256945,  74.47827138])"
632,"GAREY, M","array([-18.13855119, -19.40687703])"
633,"JOHNSON, D","array([-17.26729054, -21.52921175])"
634,"GARFIELD, E","array([101.37182232, -15.77214291])"
635,"GARFINKEL, I","array([ 12.01550358, -53.86796307])"
636,"GLEI, D","array([ 13.6491681 , -52.16200497])"
637,"MCLANAHAN, S","array([ 14.27024712, -54.45704893])"
638,"GARLASCHELLI, D","array([23.94226488, 24.98225417])"
639,"CASTRI, M","array([23.28745035, 27.08246226])"
640,"LOFFREDO, M","array([25.73105201, 21.85794856])"
641,"GASTNER, M","array([26.99957579, 58.56130445])"
642,"GAUTHIER, D","array([ 70.81763214, -18.92571755])"
643,"BIENFANG, J","array([ 71.68021992, -21.22353134])"
644,"GERSCHGORIN, S","array([-13.86102044,  40.14261871])"
645,"GIOT, L","array([-80.48207237,  22.08552778])"
646,"GIRVAN, M","array([32.30340045, 57.37659897])"
647,"GLANZ, J","array([ 58.94213461, -64.14553648])"
648,"PEREZPENA, R","array([ 56.93444666, -62.8399954 ])"
649,"GLASS, L","array([ 66.24171317, -51.98616737])"
650,"GLEISS, P","array([-35.57635551,  95.34790649])"
651,"STADLER, P","array([-34.82735791,  97.19536717])"
652,"GOH, K","array([45.3954824 , 41.48655423])"
653,"GHIM, C","array([44.61835598, 44.90672209])"
654,"KAHNG, B","array([46.52361131, 42.70883183])"
655,"KIM, D","array([44.92598107, 42.84589268])"
656,"LEE, D","array([46.93739693, 44.54891471])"
657,"OH, E","array([43.05921696, 43.02188425])"
658,"GOLDBERG, D","array([-0.60386369, 95.60966154])"
659,"NICHOLS, D","array([ 1.19774108, 93.35333866])"
660,"OKI, B","array([-0.84362306, 93.58044754])"
661,"TERRY, D","array([ 1.40580206, 95.37272966])"
662,"GOLDBETER, A","array([20.79188081, 93.13232462])"
663,"GONZE, D","array([20.01174137, 91.0901115 ])"
664,"HOUART, G","array([22.54223213, 91.79974616])"
665,"LELOUP, J","array([22.67822291, 90.15951152])"
666,"DUPONT, G","array([20.94650761, 89.65282008])"
667,"GOLDWASSER, L","array([70.28912153,  4.59075316])"
668,"ROUGHGARDEN, J","array([68.1851616 ,  3.56011783])"
669,"GOLOMB, D","array([ 28.66091476, -59.24771208])"
670,"HANSEL, D","array([ 26.10568199, -59.70823743])"
671,"RINZEL, J","array([ 31.10893596, -58.9515629 ])"
672,"GOLUB, G","array([ 75.51443585, -10.02444245])"
673,"VANLOAN, C","array([ 73.38685189, -10.9918157 ])"
674,"FLORIA, L","array([ 3.90291811, 25.27807799])"
675,"GONZALES, M","array([ 5.03361086, 49.01694105])"
676,"SOUSA, A","array([ 3.26012038, 50.58146128])"
677,"HALLY, J","array([17.85631858, 92.20278677])"
678,"GOODHILL, A","array([-57.63893676,  12.84361339])"
679,"SIMMEN, M","array([-56.11442723,  14.60423567])"
680,"WILLSHAW, D","array([-55.3659433 ,  12.38771987])"
681,"GOODMAN, M","array([ 67.37774046, 109.22581232])"
682,"HALL, D","array([ 65.29269791, 107.09439284])"
683,"AVERY, L","array([ 65.27717199, 109.19010961])"
684,"LOCKERY, S","array([ 67.38654737, 107.09823599])"
685,"GORMAN, S","array([59.63242448, 31.87368697])"
686,"TANGMUNARUNKIT, H","array([-62.56000703,  50.1661583 ])"
687,"GRANOVETTER, M","array([ -7.80855703, -14.26470072])"
688,"GRASSBERGER, P","array([-20.89982719,  92.20013777])"
689,"GRAY, C","array([85.49806862, 55.10204605])"
690,"KONIG, P","array([87.41251151, 54.52897243])"
691,"GREENHALGH, D","array([47.57022842, -2.42610852])"
692,"GREGOIRE, G","array([-6.97015181, -0.43336852])"
693,"GROSS, J","array([-13.59910222,   7.52232773])"
694,"KUJALA, J","array([-12.76857077,   5.78641137])"
695,"HAMALAINEN, M","array([-14.35380385,   4.98740787])"
696,"TIMMERMANN, L","array([-11.96712239,   7.24260747])"
697,"SCHNITZLER, A","array([-9.66681064,  8.05030938])"
698,"SALMELIN, R","array([-11.38554924,   5.07181199])"
699,"ION, P","array([ 13.79684263, -70.56272519])"
700,"GUARDIOLA, X","array([ 4.54182263, 41.48764876])"
701,"LLAS, M","array([ 4.57934492, 39.51108613])"
702,"PEREZ, C","array([ 2.87971181, 40.27418755])"
703,"GUARE, J","array([22.66574271,  4.26571685])"
704,"GUELZIM, N","array([ 24.47383324, -69.17200388])"
705,"BOTTANI, S","array([ 23.48726244, -71.01643245])"
706,"BOURGINE, P","array([ 22.62284214, -68.23282948])"
707,"KEPES, F","array([ 21.65709671, -70.04065622])"
708,"GIRALT, F","array([ 9.43489563, 40.92360676])"
709,"MOSSA, S","array([15.78408788, 39.3276575 ])"
710,"TURTSCHI, A","array([14.24107028, 39.79741171])"
711,"GUPTA, S","array([-27.18606514,  18.10796962])"
712,"HALL, G","array([ 68.98682937, -17.25561866])"
713,"BAHAR, S","array([ 71.25200725, -16.48886128])"
714,"HALL, K","array([-63.78713036,  60.90230885])"
715,"HARI, R","array([-16.16248688,   3.71789648])"
716,"ILMONIEMI, R","array([-15.88328213,   1.9041968 ])"
717,"KNUUTILA, J","array([-17.77689701,   2.57233632])"
718,"LOUNASMAA, O","array([-17.75818854,   4.58027823])"
719,"HANDCOCK, M","array([-53.31071856,  39.57750256])"
720,"JONES, J","array([-51.1342072 ,  38.30821616])"
721,"SOMPOLINSKY, H","array([ 23.45893063, -60.23398299])"
722,"HARARY, F","array([ 14.9874875 , -46.05138493])"
723,"HARWELL, L","array([ 90.15515891, -35.04091566])"
724,"HOPFIELD, J","array([ 91.80458653, -33.86515169])"
725,"LEIBLER, S","array([ 88.95731733, -33.36838101])"
726,"MURRAY, A","array([ 90.62731869, -32.19048119])"
727,"HAYES, B","array([ 88.64807967, -58.14786243])"
728,"HAYNIE, D","array([-41.49587431, -42.65481911])"
729,"HEAGY, J","array([7.5092222 , 7.92119843])"
730,"HEGSELMANN, R","array([ 16.34290352, 105.93499534])"
731,"KRAUSE, U","array([ 16.31171751, 103.59787037])"
732,"HE, M","array([-34.06678189,  -3.54948205])"
733,"XU, H","array([-33.15530997,  -5.74656693])"
734,"SUN, Q","array([-35.54330938,  -5.44717421])"
735,"HERRERO, C","array([ 39.09572157, -31.17845392])"
736,"HERRMANN, C","array([19.19033775, 36.39999773])"
737,"PROVERO, P","array([20.69766183, 35.39519   ])"
738,"HONG, D","array([12.05661784, 45.34352966])"
739,"ROUX, S","array([ 6.71909918, 50.73034433])"
740,"HETHCOTE, H","array([ 80.22966949, -66.82391627])"
741,"HIGHAM, D","array([123.99081802,  -2.2230269 ])"
742,"HILGETAG, C","array([ 15.94533826, -27.67385427])"
743,"ONEILL, M","array([ 16.82295449, -31.34431232])"
744,"SCANNELL, J","array([ 15.4642318 , -33.02871787])"
745,"GRANT, A","array([ 13.3182355 , -25.85572952])"
746,"KAISER, M","array([ 18.06605141, -25.76723099])"
747,"HILLIER, B","array([-10.46241768, -80.46668904])"
748,"HANSON, J","array([-11.40283809, -78.23686908])"
749,"HIRSCH, J","array([-62.43809825,  43.03274208])"
750,"HODGKIN, A","array([84.02211278, 11.91661166])"
751,"HUXLEY, A","array([86.16566599, 12.90798072])"
752,"HOFF, P","array([-55.77135086,  39.75269883])"
753,"RAFTERY, A","array([-54.54236488,  41.7390475 ])"
754,"HOLLAND, P","array([-31.52838838,  70.00915945])"
755,"LEINHARDT, S","array([-29.35537417,  71.02287728])"
756,"HOLME, P","array([32.2399861 , 45.89723261])"
757,"EDLING, C","array([23.53552926, 44.22593536])"
758,"LILJEROS, F","array([23.87362234, 42.91989721])"
759,"GHOSHAL, G","array([28.61727682, 51.7383368 ])"
760,"HUSS, M","array([35.83504272, 40.69998173])"
761,"KIM, B","array([37.04561857, 44.54934529])"
762,"YOON, C","array([37.42642694, 42.44982383])"
763,"HAN, S","array([36.00752654, 42.39068341])"
764,"TRUSINA, A","array([34.09428131, 48.09717509])"
765,"MINNHAGEN, P","array([35.50534015, 48.36110551])"
766,"HOLMGREN, C","array([-76.46001243,  61.77285162])"
767,"HARKANY, T","array([-74.5310322,  61.144646 ])"
768,"SVENNENFORS, B","array([-77.11240784,  59.80611122])"
769,"ZILBERTER, Y","array([-75.14265288,  59.17515165])"
770,"HOLTER, N","array([ 0.80751979, 33.50643281])"
771,"MITRA, M","array([-0.57682049, 34.33110248])"
772,"CIEPLAK, M","array([ 0.07088021, 32.16116832])"
773,"FEDROFF, N","array([-1.81261994, 33.38866012])"
774,"HONG, H","array([40.80693526, 44.73257906])"
775,"CHOI, M","array([36.42538717, 46.3905678 ])"
776,"PARK, H","array([38.93001482, 46.65103952])"
777,"HORN, N","array([-50.76906884, -55.02411448])"
778,"RUPPIN, E","array([-52.77895906, -56.37687692])"
779,"HORWITZ, B","array([  2.34897222, 102.63642024])"
780,"HUFNAGEL, L","array([-43.73585479,  17.52695913])"
781,"BROCKMANN, D","array([-44.16814075,  19.66352943])"
782,"HUGENII, C","array([92.40921826, -4.22643229])"
783,"YANG, J","array([103.52807094,  77.87095465])"
784,"LIU, W","array([101.60349177,  77.37605443])"
785,"HUXHAM, M","array([ 74.0734972 , -29.19158036])"
786,"BEANEY, S","array([ 72.31215291, -27.65957734])"
787,"RAFFAELLI, D","array([ 74.50193516, -26.89629127])"
788,"LOPEZRUIZ, R","array([ 5.08189102, 20.50724874])"
789,"IAMNITCHI, A","array([36.91151972, 88.00330238])"
790,"RIPEANU, M","array([37.02161056, 85.66497547])"
791,"ICHINOMIYA, T","array([ 34.1362376 , -27.86148545])"
792,"IGOSHIN, O","array([20.98189561, 96.75413085])"
793,"KAISER, D","array([22.27814446, 95.35799982])"
794,"OSTER, G","array([19.5716995 , 95.47624692])"
795,"IHMELS, J","array([81.16308191, 70.76718364])"
796,"FRIEDLANDER, G","array([81.33281692, 73.98702825])"
797,"BERGMANN, S","array([80.52761577, 72.44894914])"
798,"OFERSARIG, Y","array([82.42898502, 72.2666156 ])"
799,"ITO, T","array([ 65.13379751, -35.09420729])"
800,"CHIBA, T","array([ 65.59019592, -33.50326014])"
801,"OZAWA, R","array([ 66.99233457, -34.43854006])"
802,"YOSHIDA, M","array([ 63.90916047, -33.57861643])"
803,"HATTORI, M","array([ 64.97231746, -31.92842873])"
804,"SAKAKI, Y","array([ 66.90648678, -32.44821446])"
805,"ITZKOVITZ, S","array([70.26217229, 76.24560615])"
806,"MILO, R","array([71.57944582, 75.77723805])"
807,"KASHTAN, N","array([70.0581566 , 74.92679673])"
808,"ZIV, G","array([69.33313102, 73.28815491])"
809,"JACOB, F","array([76.55626271, 25.07973057])"
810,"MONOD, J","array([75.04297321, 26.88508756])"
811,"JACOBSON, V","array([116.19498571,  16.00526123])"
812,"JAFFE, A","array([-43.76333102,  54.1549025 ])"
813,"TRAJTENBERG, M","array([-45.58218011,  52.64929013])"
814,"JAIN, A","array([-28.10689044,  83.89826378])"
815,"MURTY, M","array([-26.81973911,  81.86781744])"
816,"FLYNN, P","array([-29.21037527,  81.77910089])"
817,"JAIN, S","array([ 75.99464887, 109.77713161])"
818,"KRISHNA, S","array([ 78.33328867, 109.07324735])"
819,"JALAN, S","array([11.94573145, 97.51589079])"
820,"AMRITKAR, R","array([10.59901907, 95.48625544])"
821,"JANKOWSKI, S","array([-15.58051253, 104.55256566])"
822,"LONDEI, A","array([-15.82186976, 107.45578513])"
823,"MAZUR, C","array([-14.28781917, 106.12754778])"
824,"LOZOWSKI, A","array([-17.14250659, 105.85071528])"
825,"JANSEN, R","array([107.41135898,  41.93011181])"
826,"YU, H","array([107.91605491,  40.61835552])"
827,"GREENBAUM, D","array([104.90635127,  39.12021678])"
828,"KLUGER, Y","array([106.43514523,  41.03212332])"
829,"KROGAN, N","array([106.02726685,  42.33592105])"
830,"CHUNG, S","array([104.83715444,  41.65719873])"
831,"EMILI, A","array([105.81104313,  39.99589619])"
832,"SNYDER, M","array([104.38426766,  40.47583035])"
833,"GREENBLATT, J","array([106.35235754,  38.71298948])"
834,"GERSTEIN, M","array([107.48216532,  39.45002053])"
835,"JANSON, S","array([-61.92223551,  28.57669875])"
836,"LUCZAK, T","array([-63.89752033,  29.86821189])"
837,"RUCINSKI, A","array([-63.9937717 ,  27.53226739])"
838,"JENSEN, H","array([-13.67265228, -25.23033093])"
839,"MASON, S","array([41.90452436, 36.23834926])"
840,"TOMBOR, B","array([46.51691426, 38.69799354])"
841,"JESPERSEN, S","array([53.46192154, -4.75225998])"
842,"BLUMEN, A","array([54.59578861, -2.80268294])"
843,"SOKOLOV, I","array([56.42276836, -5.18032507])"
844,"JIA, L","array([78.1278864 ,  6.94293516])"
845,"SANO, M","array([77.91944265,  8.96606501])"
846,"LAI, P","array([76.11730292,  6.75096095])"
847,"CHAN, C","array([75.869113  ,  8.75577566])"
848,"JIANG, B","array([-64.08317401,   0.51249074])"
849,"CLARAMUNT, C","array([-66.44340061,   0.13817623])"
850,"JIANG, Y","array([-38.38240034, 107.15249046])"
851,"LOZADACASSOU, M","array([-37.19801062, 109.2087056 ])"
852,"VINET, A","array([-36.03255924, 107.14519664])"
853,"JIN, E","array([32.42197525, 59.18134015])"
854,"JOHNSON, S","array([  0.45225136, -46.37202563])"
855,"JORDANO, P","array([-47.74261994,  61.47753141])"
856,"BASCOMPTE, J","array([-45.70393902,  60.34666482])"
857,"OLESEN, J","array([-47.70477156,  59.14949274])"
858,"JOSIC, K","array([-59.91736061, -15.68447743])"
859,"JOY, M","array([  3.43077236, -41.17413447])"
860,"JOUVE, B","array([ 22.53368973, -35.0479656 ])"
861,"ROSENTIEHL, P","array([ 23.80541287, -38.17549764])"
862,"IMBERT, M","array([ 25.51413473, -36.69047736])"
863,"JUNG, S","array([47.63350828, 46.71007781])"
864,"KIM, S","array([45.65202551, 47.20348015])"
865,"PARK, Y","array([43.20293858, 40.9332671 ])"
866,"KALAPALA, V","array([21.1322804 , 56.42345262])"
867,"SANWALANI, V","array([21.44955674, 58.31772843])"
868,"KANEKO, K","array([-62.94261033,   8.9670529 ])"
869,"KARBOWSKI, J","array([ 34.40934149, -33.59606736])"
870,"KAREV, G","array([-17.94614194,  31.36490992])"
871,"WOLF, Y","array([-19.15930313,  32.736476  ])"
872,"RZHETSKY, A","array([-19.99115242,  34.17131494])"
873,"BEREZOVSKAYA, F","array([-17.58252589,  33.5781454 ])"
874,"KOONIN, E","array([-20.26576811,  31.47961231])"
875,"KARINTHY, F","array([ 35.69415316, 123.66963578])"
876,"KARONSKI, M","array([-64.10997746,  21.5038564 ])"
877,"KARP, P","array([-14.36855817, -34.30216304])"
878,"RILEY, M","array([-15.85843567, -33.22879815])"
879,"PALEY, S","array([-13.47818935, -31.56810641])"
880,"PELLEGRINITOOLE, A","array([-15.26736631, -31.52434444])"
881,"KRUMMENACKER, M","array([-12.91875359, -33.27330571])"
882,"KAUFFMAN, S","array([-72.36200064,  -5.19328442])"
883,"KAUTZ, H","array([  9.14602617, -65.32042121])"
884,"SELMAN, B","array([ 11.53565436, -65.50234017])"
885,"SHAH, M","array([ 10.58014321, -63.34186821])"
886,"KEPHART, J","array([-46.81330992,  78.79713305])"
887,"WHITE, S","array([-48.79996847,  77.60972354])"
888,"KERMARREC, A","array([-61.9853547 ,  84.11349169])"
889,"GANESH, A","array([-63.29024037,  86.07086032])"
890,"MASSOULIE, L","array([-64.33791947,  83.93394278])"
891,"KERNIGHAN, B","array([ 55.60795758, 120.32851144])"
892,"CHUNG, J","array([34.38666178, 45.78105333])"
893,"KIM, J","array([49.50175654, 41.26867367])"
894,"KINNEY, R","array([50.53451459, 47.37302935])"
895,"KINOUCHI, O","array([-62.70913546,  -9.49874554])"
896,"MARTINEZ, A","array([-64.23997966, -10.38129947])"
897,"LIMA, G","array([-65.55700112,  -9.21039729])"
898,"LOURENC, G","array([-64.84675597,  -7.59418108])"
899,"RISAUGUSMAN, S","array([-63.08538056,  -7.77016801])"
900,"KIRKPATRICK, S","array([-81.29994184,  -2.26917695])"
901,"GELATT, C","array([-78.89338264,  -2.86377413])"
902,"VECCHI, M","array([-80.43842366,  -4.60860534])"
903,"KISS, I","array([ 87.16294601, -10.35495267])"
904,"ZHAI, Y","array([ 89.38695855, -11.04669379])"
905,"HUDSON, J","array([88.89118077, -8.77983687])"
906,"KLECZKOWSKI, A","array([58.08865707,  5.87342021])"
907,"GRENFELL, B","array([59.6105563 ,  4.14803103])"
908,"KUMAR, S","array([22.7141985 , 68.29352814])"
909,"KLEVECZ, R","array([-81.75785824,  48.60219041])"
910,"BOLEN, J","array([-79.46265875,  49.37336324])"
911,"DURAN, O","array([-81.28123531,  50.93998862])"
912,"KLOVDAHL, A","array([ 47.86874702, -18.54102014])"
913,"POTTERAT, J","array([ 45.40626809, -18.9645877 ])"
914,"WOODHOUSE, D","array([ 47.0710959 , -21.47463512])"
915,"MUTH, J","array([ 46.57209489, -20.24198775])"
916,"MUTH, S","array([ 44.50454459, -19.86136802])"
917,"DARROW, W","array([ 48.55876049, -20.14353431])"
918,"KLYACHKO, V","array([ 25.02911793, 103.38448331])"
919,"KNUTH, D","array([56.79182118, 12.1037761 ])"
920,"KOCAREV, L","array([ 47.27114307, -81.72981791])"
921,"PARLITZ, U","array([ 45.74925514, -79.90842908])"
922,"LAURENT, G","array([-51.01190264, -26.78666896])"
923,"KOCH, M","array([ 43.55151775, 109.42328172])"
924,"NORRIS, D","array([ 41.75078825, 111.03296932])"
925,"HUNDGEORGIADIS, M","array([ 44.0656348 , 111.75985911])"
926,"PATURI, R","array([-23.91115597, -61.02494807])"
927,"ERMENTROUT, B","array([-20.93272873,  70.63980455])"
928,"KOR, J","array([43.08082847,  0.0728434 ])"
929,"KORTE, C","array([-49.35635321, -35.52490664])"
930,"MILGRAM, S","array([-47.74294531, -37.37827894])"
931,"KOTTER, R","array([ 14.93203735, -28.60204578])"
932,"STEPHAN, K","array([ 17.61732775, -29.68414014])"
933,"SOMMER, F","array([ 11.19731837, -27.39466663])"
934,"LEYVRAZ, F","array([55.93496115, 41.35893974])"
935,"KRAUSE, A","array([91.09628704, 28.50085859])"
936,"FRANK, K","array([88.7620092 , 29.96196705])"
937,"MASON, D","array([91.56069049, 30.15792639])"
938,"TAYLOR, W","array([90.04509941, 31.11230955])"
939,"KREBS, V","array([ 21.18556543, 126.62265228])"
940,"KREE, R","array([ 95.15680178, -26.06647344])"
941,"KRETZSCHMAR, M","array([81.23636936, 29.78201154])"
942,"VANDUYNHOVEN, Y","array([81.70972869, 32.15144982])"
943,"SEVERIJNEN, A","array([79.4637248 , 31.38827284])"
944,"SIVAKUMAR, D","array([19.97598076, 71.0796219 ])"
945,"UPFAL, E","array([20.04785017, 72.78948082])"
946,"ZANETTE, D","array([14.49985944, -2.10972036])"
947,"KURAMOTO, Y","array([95.13155467, 61.64644042])"
948,"NAKAO, H","array([93.44860629, 63.61144152])"
949,"KWON, O","array([ 42.58202814, -72.99886095])"
950,"MOON, H","array([ 44.91322632, -72.51646087])"
951,"LAGOFERNANDEZ, L","array([91.86920409, 74.72013619])"
952,"CORBACHO, F","array([89.91085437, 74.51305115])"
953,"HUERTA, R","array([92.10773214, 72.6325648 ])"
954,"SIGUENZA, J","array([90.08208651, 72.43028629])"
955,"LAHTINEN, J","array([48.84080323, 69.61711303])"
956,"KASKI, K","array([46.72779366, 70.67747935])"
957,"LAWNICZAK, A","array([-29.8482903 , -20.04510759])"
958,"MAXIE, K","array([-32.14043241, -20.47525846])"
959,"GERISCH, A","array([-30.61184632, -22.24689754])"
960,"LEE, L","array([-31.87748587,   5.04174157])"
961,"HARRISON, L","array([-31.28430955,   2.78428177])"
962,"MECHELLI, A","array([-29.63740433,   4.43424154])"
963,"LEONE, M","array([ 9.41272962, 28.66213029])"
964,"ZECCHINA, R","array([10.91840243, 28.00901937])"
965,"LEVANQUYEN, M","array([122.51884587,  38.80556687])"
966,"QUILICHINI, P","array([119.38736598,  38.02123656])"
967,"BERNARD, C","array([121.47477512,  40.51376671])"
968,"ESCLAPEZ, M","array([121.25789273,  37.29085988])"
969,"BENARI, Y","array([119.54596824,  40.0619716 ])"
970,"GOZLAN, H","array([120.86217509,  38.94233351])"
971,"LEVIN, S","array([-50.04335254,  50.18330744])"
972,"LI, C","array([-37.66069887, -56.19009484])"
973,"CHEN, G","array([-35.7789164 , -58.56702178])"
974,"LIEBERMAN, E","array([-33.48541044,  13.99106815])"
975,"HAUERT, C","array([-31.74585646,  12.53849597])"
976,"NOWAK, M","array([-31.07080099,  15.14443944])"
977,"ABERG, Y","array([20.74019747, 42.91454649])"
978,"LI, R","array([-61.80530616, -37.52325696])"
979,"ERNEUX, T","array([-64.01700351, -38.31424779])"
980,"LI, S","array([ 34.37054096, -39.63818824])"
981,"WAND, H","array([ 32.38361839, -40.90284866])"
982,"OUYANG, Q","array([ 34.47653016, -42.03664853])"
983,"LIU, Z","array([-16.28981149,  17.21710022])"
984,"LAI, Y","array([-13.37329354,  17.78701941])"
985,"HOPPENSTEADT, F","array([-13.83201023,  15.78510812])"
986,"YE, N","array([-16.38694175,  19.51116353])"
987,"LI, W","array([-51.43473703,  -5.19375179])"
988,"CAI, X","array([-50.53826006,  -3.09631268])"
989,"LI, X","array([-34.79669704, -55.51108582])"
990,"LLINAS, R","array([ 39.33925907, -48.90864335])"
991,"LLOYD, A","array([-26.59945898,  13.06996793])"
992,"LOCKHART, D","array([-42.76444488,  -9.33774829])"
993,"WINZELER, E","array([-44.83798563,  -8.28602331])"
994,"LOGOTHETIS, N","array([ 64.0619776 , -44.00291067])"
995,"PAULS, J","array([ 61.2991448 , -43.07336509])"
996,"AUGATH, M","array([ 61.2822316 , -44.84491173])"
997,"TRINATH, T","array([ 62.98281027, -45.43240127])"
998,"OELTERMANN, A","array([ 63.05378677, -42.53545473])"
999,"LORRAIN, F","array([ 39.32640199, -15.45727628])"
1000,"WHITE, H","array([ 43.08409333, -15.55534373])"
1001,"LOTKA, A","array([11.00457257, 88.64449361])"
1002,"LU, J","array([-32.49980722, -60.1118499 ])"
1003,"YU, X","array([-34.39849713, -60.68263899])"
1004,"CHEN, D","array([-33.20563068, -58.27959857])"
1005,"LUSSEAU, D","array([27.35382994, 54.65473749])"
1006,"LU, W","array([-15.54247973,  77.84062316])"
1007,"CHEN, T","array([-14.13906427,  79.67567611])"
1008,"MACDONALD, P","array([51.39794487, 33.57597758])"
1009,"MACGRAW, P","array([117.04652727, -14.64680022])"
1010,"MENZINGER, M","array([116.76028055, -17.14456692])"
1011,"MAHADEVAN, R","array([ -3.33578183, -11.55887595])"
1012,"PALSSON, B","array([-4.45610615, -9.52901712])"
1013,"MA, H","array([-55.65321046, -38.39912936])"
1014,"ZENG, A","array([-54.34835309, -40.38674382])"
1015,"MAJORANA, E","array([-37.77137712, -47.69526505])"
1016,"MANGAN, S","array([74.77078741, 76.85679538])"
1017,"MANNA, S","array([ 11.45963667, 116.4381342 ])"
1018,"SEN, P","array([ 10.29779499, 115.02141884])"
1019,"MARI, C","array([-20.68245339,  42.18051715])"
1020,"MARIOLIS, P","array([-45.60078568,  66.93124238])"
1021,"RIGON, R","array([-1.43753869, 28.09586719])"
1022,"GIACOMETTI, A","array([ 0.32992481, 27.80697944])"
1023,"RODRIGUEZITURBE, I","array([ 0.24993403, 29.54715271])"
1024,"MARODI, M","array([39.82261259, 29.15271021])"
1025,"DOVIDIO, F","array([39.25223833, 30.95011865])"
1026,"MARRO, J","array([30.30063017, 20.80333638])"
1027,"DICKMAN, R","array([31.46277277, 17.40879589])"
1028,"MARTIN, R","array([ 21.21580355, -27.56433423])"
1029,"ANDRAS, P","array([ 20.66302969, -26.08719724])"
1030,"ZALIZNYAK, A","array([37.7462017 , 51.99751787])"
1031,"MASOLLER, C","array([ 37.99868518, -81.6033946 ])"
1032,"MARTI, A","array([ 38.42908223, -79.28953034])"
1033,"MASSUNAGA, M","array([-45.75578662,  84.41625393])"
1034,"BAHIANA, M","array([-48.02220424,  84.95369525])"
1035,"MASUDA, N","array([-22.0629051 , -74.90623768])"
1036,"AIHARA, K","array([-19.6359586, -75.9027361])"
1037,"MIWA, H","array([-24.5714922 , -75.21657352])"
1038,"KONNO, N","array([-23.70702264, -73.01079267])"
1039,"MATTHEWS, P","array([18.90790746, 63.21270122])"
1040,"MIROLLO, R","array([20.50091274, 64.14937706])"
1041,"VALLONE, A","array([-1.19169898, 17.01032575])"
1042,"MCCANN, K","array([74.53898284, 15.53029262])"
1043,"HASTINGS, A","array([75.94760796, 17.45253375])"
1044,"HUXEL, G","array([76.87382353, 15.3118009 ])"
1045,"MCGRAW, P","array([116.55269074, -19.58907783])"
1046,"MEESTER, R","array([-40.4936875 ,  26.97304392])"
1047,"MEHRING, C","array([102.35377244,  15.15934988])"
1048,"HEHL, U","array([102.60102503,  13.44115072])"
1049,"KUBO, M","array([105.08713529,  14.50160216])"
1050,"DIESMANN, M","array([104.01296446,  15.85897976])"
1051,"MEHTA, M","array([85.40623537, -4.40753691])"
1052,"MELIN, G","array([ 51.88011077, -67.23398324])"
1053,"PERSSON, O","array([ 51.42306448, -64.94667872])"
1054,"MENCZER, F","array([ 86.76565822, -46.583615  ])"
1055,"BELEW, R","array([ 85.40214037, -48.95027764])"
1056,"PANT, G","array([ 86.45823789, -44.39365212])"
1057,"RUIZ, M","array([ 88.44526197, -43.93617517])"
1058,"SRINIVASAN, P","array([ 88.85670719, -45.96092957])"
1059,"MERTON, R","array([-8.77165607, 79.95345822])"
1060,"MEWES, H","array([-39.35145685, -30.8429338 ])"
1061,"FRISHMAN, D","array([-36.27462217, -29.13397828])"
1062,"GULDENER, U","array([-35.93828239, -31.64127801])"
1063,"MANNHAUPT, G","array([-35.51764491, -30.33800188])"
1064,"MAYER, K","array([-37.99537331, -30.79968236])"
1065,"MOKREJS, M","array([-37.06269031, -32.30388066])"
1066,"MORGENSTERN, B","array([-38.66870128, -29.49057479])"
1067,"MUNSTERKOTTER, M","array([-36.84098143, -30.42728296])"
1068,"RUDD, S","array([-38.35335221, -32.09194126])"
1069,"WEIL, B","array([-37.58892324, -28.86961112])"
1070,"LEVITT, R","array([73.09057539, 75.03633303])"
1071,"SHENORR, S","array([71.78097505, 77.25208804])"
1072,"AYZENSHTAT, I","array([73.03786334, 76.47069139])"
1073,"SHEFFER, M","array([71.45576546, 74.20247325])"
1074,"LEVY, W","array([ 91.87130303, -16.77958077])"
1075,"MITCHELL, M","array([-32.98229764,  88.34727875])"
1076,"MIZRUCHI, M","array([-14.23811194,  63.30985805])"
1077,"MOHAR, B","array([ 40.02416362, -36.08073764])"
1078,"MOLLOY, M","array([102.11134858,   2.81208544])"
1079,"REED, B","array([104.49525293,   2.52392661])"
1080,"MONASSON, R","array([  1.88637991, -11.55799474])"
1081,"MONTOYA, J","array([17.83989427, 45.38049682])"
1082,"MOREIRA, A","array([22.2060974 , 40.45946439])"
1083,"ANDRADE, J","array([21.65138301, 38.72782746])"
1084,"MORELLI, L","array([12.03226773, -6.34397084])"
1085,"MORENO, J","array([ 15.85631896, -60.96546782])"
1086,"GOMEZ, J","array([ 8.48901736, 21.71997448])"
1087,"PACHECO, A","array([ 8.62808259, 23.55655913])"
1088,"NEKOVEE, M","array([10.15118545, 25.70811421])"
1089,"VAZQUEZPRADA, M","array([ 6.20206128, 23.26554852])"
1090,"MORRIS, M","array([-26.42657177,  75.70954417])"
1091,"DASGUPTA, P","array([-11.87476663,  19.60432902])"
1092,"NISHIKAWA, T","array([-12.04041898,  15.3819202 ])"
1093,"MROWKA, R","array([-75.88898139, -24.98897995])"
1094,"PATZAK, A","array([-74.99957612, -23.13647929])"
1095,"HERZEL, H","array([-74.02233253, -25.89060264])"
1096,"HOLSTE, D","array([-73.16159081, -24.00787267])"
1097,"MULLER, J","array([106.6661233 , -11.59227045])"
1098,"SCHONFISCH, B","array([106.48253843,  -9.22043892])"
1099,"KIRKILIONIS, M","array([108.6494279 , -10.22584486])"
1100,"MURRAY, J","array([42.58522247, 98.30325969])"
1101,"NAGUMO, J","array([94.63641097,  9.21697238])"
1102,"ARIMOTO, S","array([92.25852453,  9.69315688])"
1103,"YOSHIZAWA, S","array([93.04594388,  7.44500367])"
1104,"NAKAMURA, I","array([-54.29187563,   1.08489984])"
1105,"NEIMAN, A","array([ 26.71141486, -13.98394018])"
1106,"PEI, X","array([ 27.09730138, -16.63951823])"
1107,"RUSSELL, D","array([ 23.85031359, -16.9978326 ])"
1108,"WOJTENEK, W","array([ 25.28743987, -13.8067174 ])"
1109,"WILKENS, L","array([ 27.53036026, -15.24781464])"
1110,"MOSS, F","array([ 26.14964055, -15.34814748])"
1111,"BRAUN, H","array([ 24.86543838, -15.80720109])"
1112,"HUBER, M","array([ 24.15349501, -14.61719788])"
1113,"VOIGT, K","array([ 25.74297911, -17.07640342])"
1114,"NEMETH, G","array([-6.22464734, 86.45213179])"
1115,"VATTAY, G","array([-5.72679838, 84.11273351])"
1116,"NETOFF, T","array([90.7496014 , 89.73175732])"
1117,"CLEWLEY, R","array([91.23412571, 87.08167984])"
1118,"ARNO, S","array([89.20168248, 88.95769709])"
1119,"KECK, T","array([89.55176577, 87.1598519 ])"
1120,"WHITE, J","array([92.65181263, 88.72958212])"
1121,"FORREST, S","array([25.13688394, 54.09434181])"
1122,"BALTHROP, J","array([23.84931228, 55.37294301])"
1123,"LEICHT, E","array([30.4271754 , 50.72400345])"
1124,"NIEBUR, E","array([-56.18647759, -24.49294534])"
1125,"KAMMEN, D","array([-56.04124779, -26.97971062])"
1126,"NIEMINEN, J","array([ 22.30231762, -86.07822298])"
1127,"NOH, J","array([-52.89945276,  54.30213398])"
1128,"RIEGER, H","array([-52.99013442,  56.65030528])"
1129,"SIGMUND, K","array([-32.42372213,  17.61010232])"
1130,"RHO, K","array([41.56700374, 42.32571341])"
1131,"OHIRA, T","array([-21.89682038,  60.96857471])"
1132,"SAWATARI, R","array([-23.45101301,  59.17888658])"
1133,"OKANE, D","array([-55.62387293,  48.83017596])"
1134,"TREVES, A","array([-57.17639882,  47.10072777])"
1135,"ONNELA, J","array([45.5645148 , 72.29313792])"
1136,"CHAKRABORTI, A","array([47.0630714 , 72.98505992])"
1137,"KANTO, A","array([48.25348034, 71.72533265])"
1138,"JARISARAMAKI, J","array([44.21437789, 70.99919779])"
1139,"ONODY, R","array([117.80279807,  60.21870226])"
1140,"DECASTRO, P","array([116.74164729,  62.32498674])"
1141,"OOSAWA, C","array([ 5.3438313 , 86.31804823])"
1142,"SAVAGEAU, M","array([ 2.80395746, 85.86080753])"
1143,"ORAM, A","array([-64.95070237, -44.98529194])"
1144,"OSBORNE, M","array([-58.44000354,  55.68526269])"
1145,"ROSENBLUM, M","array([-5.44686593,  9.35551199])"
1146,"OTSUKA, K","array([-4.14382386e+01,  1.28048728e-02])"
1147,"KAWAI, R","array([-41.97980012,  -1.70414351])"
1148,"HWONG, S","array([-43.77564929,  -1.68395494])"
1149,"KO, J","array([-4.43478141e+01,  7.50041369e-03])"
1150,"CHERN, J","array([-42.89767157,   1.0921781 ])"
1151,"OVERBAY, T","array([-45.29501874,  46.95789798])"
1152,"OVERBEEK, R","array([110.23511777,  26.78981093])"
1153,"LARSEN, N","array([110.23659571,  24.88848892])"
1154,"PUSCH, G","array([111.33949651,  25.73080137])"
1155,"DSOUZA, M","array([107.84137238,  26.50316846])"
1156,"SELKOVJR, E","array([110.02374876,  28.30011184])"
1157,"KYRPIDES, N","array([111.43930606,  27.37725012])"
1158,"FONSTEIN, M","array([109.17093588,  26.19551434])"
1159,"MALTSEV, N","array([108.63956874,  27.85427177])"
1160,"SELKOV, E","array([108.7292308 ,  24.93587413])"
1161,"OZANA, M","array([ 44.62320423, -47.67199062])"
1162,"BASSLER, K","array([69.93102336, 37.86715226])"
1163,"CORRAL, A","array([72.4230342 , 36.06664139])"
1164,"PADGETT, J","array([-65.92779306,  14.25415756])"
1165,"ANSELL, C","array([-63.85880727,  15.29055148])"
1166,"MOTWANI, R","array([ -1.97417706, 119.31795906])"
1167,"WINOGRAD, T","array([ -3.95352955, 118.73370249])"
1168,"PANDEY, A","array([-35.70139588, -41.77961257])"
1169,"MANN, M","array([-33.73027447, -42.98015964])"
1170,"PANDIT, S","array([ 9.02305592, 93.5413139 ])"
1171,"PANDYA, R","array([ 57.40490725, -21.18248574])"
1172,"PARK, J","array([26.62321482, 52.64872545])"
1173,"PARMANANDA, P","array([ 67.89127256, -12.01617113])"
1174,"PASEMANN, F","array([-68.1225506 , -16.63797335])"
1175,"PASSINGHAM, R","array([ 10.74866644, -29.58275323])"
1176,"STHEPAN, K","array([ 11.72464781, -31.12671513])"
1177,"RUBI, M","array([ 9.94874283, 35.30547   ])"
1178,"SMITH, E","array([15.24172124, 41.76972734])"
1179,"PEKALSKI, A","array([-48.86925476, -44.77980916])"
1180,"PENNOCK, D","array([13.1180007 , 71.13156317])"
1181,"GLOVER, E","array([14.84499336, 70.9775705 ])"
1182,"PETERMANNN, T","array([30.62219226, 28.16987103])"
1183,"PIMM, S","array([-45.59415701, -22.4430787 ])"
1184,"PINTO, S","array([-37.39318955,  83.7606501 ])"
1185,"LOPES, S","array([-36.26025391,  81.74918639])"
1186,"VIANA, R","array([-38.62762024,  81.7562885 ])"
1187,"PIOT, P","array([-40.39361227,  61.11754801])"
1188,"PITTS, F","array([ 13.93410038, 126.96652765])"
1189,"PLUCHINO, A","array([52.72866846, 54.6799041 ])"
1190,"PODANI, J","array([44.77302924, 38.23265562])"
1191,"SZATHMARY, E","array([46.00140333, 37.27289839])"
1192,"POLIS, G","array([124.9623517 ,  13.63876887])"
1193,"POOL, I","array([-26.99892534,  64.63431128])"
1194,"KOCHEN, M","array([-29.30708953,  65.18385932])"
1195,"PORTER, M","array([30.7051694 , 60.53775337])"
1196,"MUCHA, P","array([28.93792368, 59.96219203])"
1197,"WARMBRAND, C","array([30.12718997, 58.67259456])"
1198,"POTHEN, A","array([ 71.96266687, -52.64183945])"
1199,"SIMON, H","array([ 73.58602149, -54.38654995])"
1200,"LIOU, K","array([ 74.32358841, -52.12969361])"
1201,"ROTHENBERG, R","array([ 43.31320143, -20.18968282])"
1202,"ZIMMERMANROGER, H","array([ 44.64053124, -17.05675976])"
1203,"GREEN, D","array([ 42.37505172, -17.26254678])"
1204,"TAYLOR, J","array([ 42.0113372 , -18.71749483])"
1205,"BONNEY, M","array([ 43.60439273, -18.0317012 ])"
1206,"PHILLIPSPLUMMER, L","array([ 45.34847201, -21.37152868])"
1207,"MALDONADOLONG, T","array([ 44.30427768, -22.38881507])"
1208,"ZIMMERMAN, H","array([ 45.92931193, -22.79313063])"
1209,"POWELL, W","array([  4.58006545, -59.52681159])"
1210,"WHITE, D","array([  3.40445657, -57.81467183])"
1211,"KOPUT, K","array([  5.12612197, -56.63223162])"
1212,"OWENSMITH, J","array([  6.31397145, -58.35615349])"
1213,"PRICE, D","array([53.08635676,  3.9371487 ])"
1214,"RADICCHI, F","array([15.75571555, 19.1727298 ])"
1215,"CECCONI, F","array([15.47821358, 20.84727453])"
1216,"LORETO, V","array([13.98985501, 18.73613075])"
1217,"PARISI, D","array([13.45088103, 20.32369169])"
1218,"RAGHAVACHARI, S","array([95.82518369, 36.73608583])"
1219,"GLAZIER, J","array([93.58394326, 37.27712651])"
1220,"RAIN, J","array([-70.62083235, -35.27154771])"
1221,"RAMASCO, J","array([15.37700049, 32.43445283])"
1222,"RAMEZANPOUR, A","array([ 81.26332336, -57.70876756])"
1223,"KARIMIPOUR, V","array([ 81.80248329, -60.04510423])"
1224,"MASHAGHI, A","array([ 79.47776404, -59.33109267])"
1225,"RAPOPORT, A","array([-19.5711242 ,  85.32974401])"
1226,"CHAMMAH, A","array([-21.78044837,  86.61557923])"
1227,"HORVATH, W","array([-17.29515894,  86.51049613])"
1228,"SOMERA, A","array([48.42977197, 34.47874616])"
1229,"MONGRU, D","array([47.6577423 , 35.82237125])"
1230,"REICHARDT, J","array([-63.86872061, -28.52330655])"
1231,"RESNICK, P","array([97.84049608, 49.08013196])"
1232,"VARIAN, H","array([97.17429023, 51.31698291])"
1233,"RESS, G","array([-51.56030613, -23.78288545])"
1234,"KREIMAN, G","array([-53.33985613, -22.60655852])"
1235,"RESTREPO, J","array([-42.68944101,  35.22086359])"
1236,"HUNT, B","array([-44.72458149,  34.72008547])"
1237,"RIVES, A","array([-70.90954934,  72.92846016])"
1238,"GALITSKI, T","array([-73.20431606,  72.20493874])"
1239,"DARBYDOWMAN, K","array([60.36358095, 43.1407028 ])"
1240,"ROETHLISBERGER, F","array([-22.45477377,  97.17567739])"
1241,"DICKSON, W","array([-21.18294075,  99.18772504])"
1242,"ROGERS, J","array([54.19731571, 91.5671167 ])"
1243,"WILLE, L","array([53.41372439, 93.83457987])"
1244,"ROGISTER, F","array([-37.73369004,  28.2347262 ])"
1245,"THORNBURG, K","array([-35.25950487,  29.08999154])"
1246,"FABINY, L","array([-36.23316989,  27.47759383])"
1247,"MOLLER, M","array([-36.57250385,  30.21911994])"
1248,"ROMANO, S","array([-26.99580781,  31.545339  ])"
1249,"EGUIA, M","array([-28.63169425,  33.17957365])"
1250,"ROSA, E","array([-46.1291223 ,  31.93963222])"
1251,"HESS, M","array([-45.3194089,  30.0011225])"
1252,"ROSATO, V","array([-14.24608034, -70.25023073])"
1253,"BOLOGNA, S","array([-14.27759556, -67.90777113])"
1254,"TIRITICCO, F","array([-12.21846628, -69.09855218])"
1255,"ROSVALL, M","array([34.54500424, 50.59160432])"
1256,"BALDWIN, J","array([ 40.80380259, -21.28175063])"
1257,"TROTTER, R","array([ 41.93409567, -22.85759823])"
1258,"ROUGEMONT, J","array([-38.80654198, -19.98395082])"
1259,"HINGAMP, P","array([-41.09562259, -20.19661183])"
1260,"ROXIN, A","array([ 33.11967673, 111.41962175])"
1261,"RIECKE, H","array([ 32.99082016, 113.77040045])"
1262,"SOLLA, S","array([ 31.03111579, 112.49650235])"
1263,"ROZENFELD, A","array([54.81484725, 29.14613989])"
1264,"RULKOV, N","array([92.59917532, 19.00410508])"
1265,"SUSHCHIK, M","array([92.33516758, 16.07768898])"
1266,"TSIMRING, L","array([93.95570593, 17.38890422])"
1267,"ABARBANEL, H","array([91.01216549, 17.66430027])"
1268,"GOMEZ, S","array([-21.41596452,  36.61346764])"
1269,"SABIDUSSI, G","array([-0.24724019, -5.89884687])"
1270,"SACHTJEN, M","array([-8.87974735, 92.50200934])"
1271,"SAKAGUCHI, H","array([97.475895 , 60.9555487])"
1272,"SHINOMOTO, S","array([95.81858999, 59.29406712])"
1273,"SANDER, L","array([56.08604262, -7.2532667 ])"
1274,"WARREN, C","array([58.30458739, -5.99172245])"
1275,"SIMON, C","array([58.79368842, -7.57696813])"
1276,"KOOPMAN, J","array([57.20187323, -8.51304015])"
1277,"SATOR, N","array([97.73478943, -2.9012679 ])"
1278,"BLACKMORE, C","array([ 15.08216813, -31.09079253])"
1279,"GRANT, S","array([ 13.42297722, -36.9037918 ])"
1280,"PAYNE, B","array([ 12.89590196, -35.07967944])"
1281,"BADDELEY, R","array([ 15.21463058, -36.2889585 ])"
1282,"SCHAFER, C","array([-3.57360943,  9.78234064])"
1283,"ABEL, H","array([-2.00924478,  9.50059676])"
1284,"SCHELLING, T","array([-59.43200912,  19.50216607])"
1285,"SCHNEEBERGER, A","array([ 79.59878003, -49.81613043])"
1286,"SCHUSTER, S","array([79.19329935, 97.39873765])"
1287,"PFEIFFER, T","array([82.72882084, 97.05543969])"
1288,"MOLDENHAUER, F","array([81.35937576, 97.95878688])"
1289,"KOCH, I","array([82.06053051, 95.35264582])"
1290,"DANDEKAR, T","array([80.40360028, 95.52483026])"
1291,"SCHUZ, A","array([-8.97678579, 55.63840877])"
1292,"SCHWARTZ, I","array([ 58.0500153 , -51.83116499])"
1293,"BILLINGS, L","array([ 56.24671054, -53.31711274])"
1294,"BOLLT, E","array([ 58.63724128, -54.40012618])"
1295,"SCHWARTZ, N","array([50.60116606, 31.2765479 ])"
1296,"SCOTT, J","array([ 61.85955773, -17.85422984])"
1297,"SEARLS, D","array([ 21.5194792 , 120.38288693])"
1298,"SEARY, A","array([92.19304172, 43.18593276])"
1299,"RICHARDS, W","array([94.48233167, 43.60607376])"
1300,"SEDGEWICK, R","array([52.36504842,  9.25849471])"
1301,"SEGLEN, P","array([99.12886592, 31.75942917])"
1302,"SEIDMAN, S","array([ 96.88067821, -42.00186307])"
1303,"BANERJEE, K","array([ 10.93016073, 111.9432275 ])"
1304,"BISWAS, T","array([  8.70343106, 112.3134086 ])"
1305,"CHAKRABARTI, B","array([  7.06820199, 115.36653407])"
1306,"DASGUPTA, S","array([ 12.73909231, 115.36243465])"
1307,"CHATTERJEE, A","array([ 13.25557604, 117.10761282])"
1308,"SREERAM, P","array([ 11.91274602, 118.32838025])"
1309,"MUKHERJEE, G","array([ 10.20484239, 117.54356543])"
1310,"SHARDANAND, U","array([103.08076714,  -3.9737239 ])"
1311,"MAES, P","array([105.25446022,  -3.14847647])"
1312,"SHEFI, O","array([42.55719516, 21.69381994])"
1313,"GOLDING, I","array([43.81916314, 20.45150781])"
1314,"SEGEV, R","array([42.04573491, 19.63515489])"
1315,"BENJACOB, E","array([42.48497017, 24.36549755])"
1316,"AYALI, A","array([40.79039171, 21.05420964])"
1317,"SHEPARD, R","array([-1.6051947 , 63.96546001])"
1318,"SHERRINGTON, D","array([-83.25435648,  -0.45573964])"
1319,"SHOCKLEY, W","array([  4.96325433, 125.95293736])"
1320,"SHUAI, J","array([ 38.95158191, 103.77409548])"
1321,"DURAND, D","array([ 37.44080981, 105.54889535])"
1322,"SIGMAN, M","array([ 12.55753286, -16.0348038 ])"
1323,"SIMARD, D","array([-68.38473719,   6.7037438 ])"
1324,"NADEAU, L","array([-70.35090846,   8.04392633])"
1325,"KROGER, H","array([-70.50070461,   5.63901713])"
1326,"SINGH, B","array([117.62544367,  49.99517367])"
1327,"GUPTE, N","array([119.5689093 ,  51.44223588])"
1328,"SMITH, D","array([-23.86225776,  46.89099865])"
1329,"TIMBERLAKE, M","array([-23.27668967,  49.11492432])"
1330,"SMITH, R","array([-10.84165494,  74.66895042])"
1331,"SNEL, B","array([ -4.3876097 , -64.28042317])"
1332,"BORK, P","array([ -2.05680771, -63.57182578])"
1333,"HUYNEN, M","array([ -3.79179765, -61.9530617 ])"
1334,"SNIJDERS, T","array([ 31.03410995, -84.60714408])"
1335,"SOARES, D","array([ 37.41527909, -67.24958938])"
1336,"TSALLIS, C","array([ 35.50794852, -66.1202955 ])"
1337,"MARIZ, A","array([ 38.56155747, -65.53369984])"
1338,"DASILVA, L","array([ 36.86511237, -64.37590001])"
1339,"SOCOLAR, J","array([-72.00646079,  -2.80342645])"
1340,"SODERBERG, B","array([89.10285063, -0.66737289])"
1341,"SOFFER, S","array([ 5.39113799, 32.50266118])"
1342,"KEPLER, T","array([16.61182089, 41.16503782])"
1343,"SALAZARCIUDAD, I","array([20.9178074 , 50.69984554])"
1344,"GARCIAFERNANDEZ, J","array([19.09960855, 51.99718375])"
1345,"SOLOMONOFF, R","array([-19.72525995,  82.76779361])"
1346,"CRISANTI, A","array([ 22.28223575, -62.48589074])"
1347,"SONG, C","array([55.30706264, 25.09315524])"
1348,"MAKSE, H","array([56.69560423, 26.70321939])"
1349,"SONG, S","array([65.6006012 , 76.54357375])"
1350,"SJOSTROM, P","array([64.94329373, 79.43684999])"
1351,"REIGL, M","array([66.35131332, 78.37603329])"
1352,"NELSON, S","array([64.26788993, 77.66149816])"
1353,"SOTELO, C","array([79.88411305, 59.59430087])"
1354,"SPIRIN, V","array([-46.26833069,  91.7182052 ])"
1355,"MIRNY, L","array([-48.64031007,  91.93981508])"
1356,"SPORNS, O","array([ 17.37632917, -23.38676106])"
1357,"TONONI, G","array([ 21.33423102, -20.4166615 ])"
1358,"EDELMAN, G","array([ 19.95670309, -19.43040174])"
1359,"ZWI, J","array([ 16.84929593, -20.38418379])"
1360,"STAM, C","array([-28.02996811,  99.54032916])"
1361,"AHARONY, A","array([36.25020093, 64.73304792])"
1362,"ADLER, J","array([37.92359005, 65.89485757])"
1363,"MEYERORTMANNS, H","array([40.67894301, 61.40555283])"
1364,"STELLING, J","array([75.63995754, 97.80069764])"
1365,"KLAMT, S","array([76.98917795, 96.82498794])"
1366,"BETTENBROCK, K","array([77.95453799, 99.26751502])"
1367,"GILLES, E","array([76.31353584, 99.49773336])"
1368,"KAMPER, L","array([ 18.85568169, -28.65247865])"
1369,"BOZKURT, A","array([ 17.55381538, -27.82073224])"
1370,"STEPHENSON, K","array([48.91490971, 98.40893895])"
1371,"ZELEN, M","array([ 49.8331301 , 100.60393358])"
1372,"STEYVERS, M","array([  7.73594533, 105.07602535])"
1373,"TENENBAUM, J","array([  9.83824073, 104.03826132])"
1374,"STILLER, J","array([ 51.68522461, 108.8062946 ])"
1375,"NETTLE, D","array([ 53.96663702, 109.44152014])"
1376,"DUNBAR, R","array([ 52.29219567, 111.06963504])"
1377,"STILWELL, D","array([ 60.98837282, -55.4668688 ])"
1378,"ROBERSON, D","array([ 59.19297706, -56.89387047])"
1379,"STONEHAM, A","array([77.88411164,  0.88921219])"
1380,"STUART, J","array([-44.33562027, -16.01123001])"
1381,"SUCHECKI, K","array([  6.61601243, -22.04452345])"
1382,"SVENSON, P","array([-10.17359335, -40.03799194])"
1383,"SWEDBERG, R","array([34.25189546,  7.50467275])"
1384,"SZABO, G","array([49.04361823, 67.33869614])"
1385,"ALAVA, M","array([47.33831325, 66.41573868])"
1386,"SZNAJDWERON, K","array([-37.11728303,  54.79673821])"
1387,"SZNAJD, J","array([-38.34431266,  56.8025186 ])"
1388,"SZYMANSKI, J","array([-34.91523969,  62.98739494])"
1389,"THURNER, S","array([57.15442343, 46.59232521])"
1390,"TAKAYASU, M","array([109.62837622, -28.40911451])"
1391,"TAKAYASU, H","array([111.42335279, -29.91174588])"
1392,"SATO, T","array([111.85054779, -27.57892846])"
1393,"TANAKA, R","array([85.63262902, 20.36959069])"
1394,"TASS, P","array([-7.72193678,  8.51308796])"
1395,"WEULE, M","array([-6.96354652,  9.82683102])"
1396,"VOLKMANN, J","array([-8.61262355,  9.93730139])"
1397,"FREUND, H","array([-7.665797  , 11.06865461])"
1398,"TERMAN, D","array([-33.36228802, -14.02585967])"
1399,"TICOS, C","array([-52.93069777, -13.11420072])"
1400,"ROSAJR, E","array([-51.78700924, -14.53605013])"
1401,"PARDO, W","array([-50.12957363, -13.96093795])"
1402,"WALKENSTEIN, J","array([-50.18338978, -12.14891304])"
1403,"MONTI, M","array([-51.88997355, -11.62766481])"
1404,"TIERI, P","array([48.12819411, 53.26518477])"
1405,"VALENSIN, S","array([49.03593808, 54.70300712])"
1406,"CASTELLANI, G","array([47.5376516 , 54.87155223])"
1407,"REMONDINI, D","array([50.53387318, 55.44713039])"
1408,"FRANCESCHI, C","array([49.03089562, 56.1945707 ])"
1409,"TIMME, M","array([-46.41544207,  15.22375747])"
1410,"WOLF, F","array([-48.53111214,  15.94419794])"
1411,"MCINTOSH, A","array([ 21.19911503, -17.67957349])"
1412,"TORNOW, S","array([-42.69353089, -31.12849121])"
1413,"KOZMA, B","array([67.58183362, 38.37180466])"
1414,"HENGARTNER, N","array([67.92560304, 36.67831944])"
1415,"KORNISS, G","array([68.50871192, 39.77530786])"
1416,"TORRES, J","array([28.95831552, 22.40238063])"
1417,"GARRIDO, P","array([30.92658942, 22.83343403])"
1418,"TRAVERS, J","array([-46.10653064, -39.22167642])"
1419,"DEALBUQUERQUE, M","array([ 32.86852023, -66.56885483])"
1420,"TSODYKS, M","array([ 95.71180142, -49.61860729])"
1421,"KENET, T","array([ 96.69709187, -52.39829929])"
1422,"GRINVALD, A","array([ 94.78400957, -51.50751826])"
1423,"ARIELI, A","array([ 97.60900806, -50.4769915 ])"
1424,"TYLER, J","array([-26.95348525, -10.01347979])"
1425,"WILKINSON, D","array([-27.38748803, -12.18941946])"
1426,"TYSON, J","array([118.11547134,  -7.21258668])"
1427,"CSIKASZNAGE, A","array([115.75370977,  -7.04110202])"
1428,"NOVAK, B","array([117.08022158,  -5.09346892])"
1429,"UETZ, P","array([-77.25792751,  23.69273186])"
1430,"CAGNEY, G","array([-76.37644584,  21.87436511])"
1431,"MANSFIELD, T","array([-77.75240953,  22.89807177])"
1432,"JUDSON, R","array([-77.81557282,  21.09666886])"
1433,"KNIGHT, J","array([-78.62258172,  19.95704871])"
1434,"LOCKSHON, D","array([-77.57588372,  20.14519935])"
1435,"NARAYAN, V","array([-78.74037111,  22.99355683])"
1436,"SRINIVASAN, M","array([-78.46009772,  22.0061603 ])"
1437,"POCHART, P","array([-78.30757078,  23.99452137])"
1438,"QURESHIEMILI, A","array([-79.59686916,  20.29687023])"
1439,"LI, Y","array([-77.36177293,  21.9492575 ])"
1440,"GODWIN, B","array([-76.83515335,  20.85165308])"
1441,"CONOVER, D","array([-79.40154674,  23.79200116])"
1442,"KALBFLEISCH, T","array([-79.43155784,  22.46125137])"
1443,"VIJAYADAMODAR, G","array([-80.33335012,  21.05085415])"
1444,"YANG, M","array([-78.74270758,  20.92978314])"
1445,"JOHNSTON, M","array([-80.18185652,  23.13300865])"
1446,"FIELDS, S","array([-79.4819424 ,  21.49169342])"
1447,"ROTHBERG, J","array([-76.7592555 ,  22.77990126])"
1448,"GLOT, L","array([-74.38784778,  24.45099926])"
1449,"VALENTE, T","array([-59.7132602,  34.9356942])"
1450,"FOREMAN, R","array([-61.00151908,  36.94272908])"
1451,"CANCHO, R","array([19.01184748, 49.95598441])"
1452,"VANNUCCHI, F","array([ 5.54350285, 16.01999187])"
1453,"VANPUTTEN, M","array([-28.4708963 , 101.82511695])"
1454,"VANVREESWIJK, C","array([ 21.32739885, -58.70859157])"
1455,"VANWIGGEREN, G","array([-37.32934112,  33.15222625])"
1456,"VARELA, F","array([ 2.17287445, 75.9182636 ])"
1457,"LACHAUX, J","array([ 4.20288285, 75.98741587])"
1458,"RODRIGUEZ, E","array([ 4.15763461, 78.04035764])"
1459,"MARTINERIE, J","array([ 2.11472607, 77.94815423])"
1460,"FLAMMINI, A","array([ 6.53239883, 30.4006536 ])"
1461,"VAZQUEZ, F","array([55.80603381, 39.16145382])"
1462,"VENKATESH, S","array([ 57.13660774, -15.66026806])"
1463,"VERDASCA, J","array([82.07153405, 17.06449485])"
1464,"VEZOLI, J","array([ 22.37785826, -33.2068027 ])"
1465,"FALCHIER, A","array([ 20.69961309, -35.00937131])"
1466,"KNOBLAUCH, K","array([ 20.81701362, -32.95842511])"
1467,"KENNEDY, H","array([ 19.56975996, -34.07275042])"
1468,"CZIROK, A","array([41.12320806, 26.72561087])"
1469,"COHEN, I","array([43.4436895 , 26.56618712])"
1470,"SHOCHET, O","array([42.20698106, 27.78065399])"
1471,"VOGELSTEIN, B","array([104.14645662, -36.95664786])"
1472,"LANE, D","array([104.3623491 , -39.37815775])"
1473,"LEVINE, A","array([106.34157104, -37.96733166])"
1474,"VOGELS, W","array([-27.28531443,  26.25297921])"
1475,"VANRENESSE, R","array([-25.51197932,  24.68464032])"
1476,"BIRMAN, K","array([-27.84072614,  24.02450946])"
1477,"VOLCHENKOV, D","array([32.15381067, -2.15048523])"
1478,"VOLCHENKOVA, L","array([29.92076474, -2.89610036])"
1479,"VONNEUMANN, J","array([113.73944628,   3.19735458])"
1480,"MORGENSTERN, O","array([111.58663508,   4.06298593])"
1481,"VRAGOVIC, I","array([ 2.99124283, 37.70525675])"
1482,"LOUIS, E","array([ 4.51948405, 36.55826144])"
1483,"VUKADINOVIC, D","array([-54.90098701,  22.91099621])"
1484,"HUANG, P","array([-53.6747322 ,  24.95000089])"
1485,"ERLEBACH, T","array([-56.02614555,  24.95029274])"
1486,"VUKMIROVIC, O","array([ 5.55860211, -5.71778121])"
1487,"TILGHMAN, S","array([ 6.09661107, -8.045856  ])"
1488,"WALL, M","array([ 0.80701748, 84.40923172])"
1489,"HIAVACEK, W","array([ 0.52518998, 86.75767828])"
1490,"WALSH, T","array([81.55520529, 43.79509074])"
1491,"WANG, B","array([ 47.68839672, -54.71246212])"
1492,"ZHANG, F","array([ 49.24454101, -52.40233734])"
1493,"WANG, J","array([ 45.88445548, -57.84674692])"
1494,"DEWILDE, P","array([ 44.69754285, -60.32796495])"
1495,"WANG, S","array([13.67672711, 83.72123761])"
1496,"ZHANG, C","array([11.42353411, 82.83674217])"
1497,"XU, J","array([-41.18326081, -58.51231709])"
1498,"PATTISON, P","array([-23.97227968, -39.52492337])"
1499,"WAXMAN, B","array([ 45.34500786, 103.76069334])"
1500,"WEEKS, M","array([ -5.7348332 , 105.07559748])"
1501,"CLAIR, S","array([ -3.62667801, 105.3660912 ])"
1502,"RADDA, K","array([ -4.74643582, 106.65828136])"
1503,"SCHENSUL, J","array([ -6.37798618, 107.15969178])"
1504,"WELLMAN, B","array([ 40.18897924, -10.85846054])"
1505,"SALAFF, J","array([40.45280827, -8.30877117])"
1506,"DIMITROVA, D","array([37.57016258, -8.12328683])"
1507,"GARTON, L","array([37.5901746 , -9.93796404])"
1508,"GULIA, M","array([39.07311578, -7.2711249 ])"
1509,"HAYTHORNTHWAITE, C","array([39.10671902, -9.26457078])"
1510,"WEST, D","array([-0.09537961, 69.25819967])"
1511,"WEST, G","array([ 87.9885203 , -25.04329479])"
1512,"BROWN, J","array([ 88.66954018, -22.82400308])"
1513,"ENQUIST, B","array([ 86.37755443, -23.34210815])"
1514,"NAZER, N","array([ 41.60263054, -12.85184406])"
1515,"SOUTHGATE, E","array([94.44075967, 90.53306678])"
1516,"THOMPSON, J","array([96.06793839, 89.41885029])"
1517,"BRENNER, S","array([95.03217771, 87.75935829])"
1518,"WHITTINGTON, M","array([-21.0904327 ,  67.79474683])"
1519,"TRAUB, R","array([-19.41289877,  68.23143843])"
1520,"BUHL, E","array([-22.0441054 ,  69.32270643])"
1521,"WINFREE, A","array([-11.81589585,  85.19142451])"
1522,"WINFUL, H","array([-74.85279047, -14.75044412])"
1523,"RAHMAN, L","array([-74.15689641, -12.52284357])"
1524,"WOLFRAM, S","array([ -4.39325914, -17.72027974])"
1525,"WOOD, A","array([ 26.11753993, -45.09598089])"
1526,"WOLLENBERG, B","array([ 23.77194859, -45.0300474 ])"
1527,"WOOLF, M","array([81.09456142, 22.59674239])"
1528,"WORMALD, N","array([ 45.60016015, -66.6315014 ])"
1529,"WUCHTY, S","array([49.19362058, 36.83762977])"
1530,"WU, C","array([-56.74892649,  91.66231782])"
1531,"CHUA, L","array([-55.13392211,  89.8683402 ])"
1532,"WU, F","array([-23.61497759,  -8.78981629])"
1533,"RICE, D","array([ 79.76911087, -39.3972596 ])"
1534,"SALWINSKI, L","array([ 80.63663275, -36.53448981])"
1535,"BARON, M","array([ 81.07353553, -38.21658947])"
1536,"XULVIBRUNET, R","array([57.99989964, -2.4903816 ])"
1537,"YANG, K","array([84.36880127, 38.86569274])"
1538,"HUANG, L","array([86.2183717 , 40.34133626])"
1539,"YANG, L","array([86.51986603, 38.02073954])"
1540,"YAN, G","array([ 48.20179631, -57.07378717])"
1541,"ZHOU, T","array([ 45.2715341 , -55.36308909])"
1542,"FU, Z","array([ 46.64265859, -56.21060116])"
1543,"YAOUM, Y","array([-18.32322844, -52.0626181 ])"
1544,"LAUMANN, E","array([-20.42572883, -53.14819096])"
1545,"YEHIA, A","array([-29.66432421, -50.90585726])"
1546,"JEANDUPREUX, D","array([-28.57591808, -49.20246658])"
1547,"ALONSO, F","array([-27.91608042, -52.02289676])"
1548,"GUEVARA, M","array([-26.8435452 , -50.33127162])"
1549,"YEUNG, M","array([18.99863465, 60.99381931])"
1550,"YOOK, S","array([44.09495511, 36.81917643])"
1551,"TU, Y","array([42.73682005, 37.50196966])"
1552,"YOUNG, H","array([ 50.22105688, -47.05207364])"
1553,"SAGER, J","array([ 22.56945826, -30.28928408])"
1554,"CSARDI, G","array([ 24.23602921, -30.91114124])"
1555,"HAGA, P","array([ 23.80217276, -28.85618549])"
1556,"YUSONG, T","array([-0.30191558, 52.81951855])"
1557,"LINGJIANG, K","array([ 0.19015057, 50.99682776])"
1558,"MUREN, L","array([ 1.54954974, 53.20284811])"
1559,"ZACHARY, W","array([48.34877502,  2.50666901])"
1560,"ZAKS, M","array([-2.84714782,  7.69574904])"
1561,"PARK, E","array([-4.40225906,  7.09739574])"
1562,"ZASLAVER, A","array([73.57340297, 68.32589101])"
1563,"MAYO, A","array([72.05456961, 68.98394053])"
1564,"ROSENBERG, R","array([71.90847313, 70.48604987])"
1565,"BASHKIN, P","array([73.46846705, 71.09804202])"
1566,"SBERRO, H","array([74.92794815, 69.31318816])"
1567,"TSALYUK, M","array([73.45768301, 69.77154986])"
1568,"ZEKRI, N","array([ 28.54100561, 123.44750242])"
1569,"CLERC, J","array([ 29.42192523, 125.63270527])"
1570,"CERDEIRA, H","array([106.68822378,  74.56508119])"
1571,"CHEN, S","array([104.7541194 ,  72.04501137])"
1572,"BRAUN, T","array([105.44651007,  73.58178753])"
1573,"YAO, Y","array([107.30323504,  73.01747421])"
1574,"ZHAN, M","array([105.57885307,  77.53930756])"
1575,"ZHENG, D","array([73.16012126, -3.24306616])"
1576,"TRIMPER, S","array([72.05705781, -1.57144759])"
1577,"ZHENG, B","array([70.34644633, -2.69194282])"
1578,"HUI, P","array([71.49347026, -4.39339447])"
1579,"ZHENG, Z","array([100.20748852,  75.17622365])"
1580,"ZHONGBAO, K","array([-45.77506141, -50.06963952])"
1581,"CHANGSHUI, Z","array([-43.85118824, -48.75082746])"
1582,"ZHOU, H","array([ -4.30908461, -23.67006148])"
1583,"ZHOU, S","array([ 24.82970441, -79.94600646])"
1584,"MONDRAGON, R","array([ 22.66340253, -79.07325905])"
1585,"ZHU, H","array([-34.83439352,  75.44697085])"
1586,"HUANG, Z","array([-32.533428  ,  76.38185771])"
1587,"ZHU, J","array([-37.09165665,  74.70088573])"
1588,"ZIMMERMANN, M","array([  6.54040706, -18.70391784])"
